
Lmod is automatically replacing "gcc/12.3" with "intel/2023.2.1".


Due to MODULEPATH changes, the following have been reloaded:
  1) flexiblas/3.3.1     2) openmpi/4.1.5

Starting run at: Mon Nov 11 22:31:11 EST 2024
 --invoking executable--
/cvmfs/restricted.computecanada.ca/easybuild/software/2023/x86-64-v3/Compiler/intel2023/cfour/2.1/bin/xjoda


   *************************************************************************
         <<<     CCCCCC     CCCCCC   |||     CCCCCC     CCCCCC   >>>
       <<<      CCC        CCC       |||    CCC        CCC         >>>
      <<<      CCC        CCC        |||   CCC        CCC            >>>
    <<<        CCC        CCC        |||   CCC        CCC              >>>
      <<<      CCC        CCC        |||   CCC        CCC            >>>
       <<<      CCC        CCC       |||    CCC        CCC         >>>
         <<<     CCCCCC     CCCCCC   |||     CCCCCC     CCCCCC   >>>
   *************************************************************************

     ****************************************************************
     * CFOUR Coupled-Cluster techniques for Computational Chemistry *
     ****************************************************************
 

   Department of Chemistry                Institut fuer Physikalische Chemie
   University of Florida                  Universitaet Mainz
   Gainesville, FL 32611, USA             D-55099 Mainz, Germany

   Department of Chemistry                Fakultaet fuer Chemie und Biowiss.
   Johns Hopkins University               Karlsruher Institut fuer Technologie
   Baltimore, MD 21218, USA               D-76131 Karlsruhe, Germany

   Department of Chemistry                Department of Physical Chemistry
   Southern Methodist University          Eotvos Lorand University
   Dallas, TX 75275, USA                  H-1053 Budapest, Hungary

 
                       Version 2.1
 
                     gra803                                            
                     Mon Nov 11 22:31:11 EST 2024                      
                     integer*8 version is running
 
********************************************************************************
*                          Input from ZMAT file                                *
********************************************************************************
TITLE                                                                           
O                                                                               
                                                                                
*ACES2(CALC=CCSDT                                                               
#FROZEN_CORE=ON                                                                 
#DROPMO=1                                                                       
INPUT_MRCC=OFF                                                                  
CC_PROG=MRCC                                                                    
XFORM_TOL=18                                                                    
SAVE_INTS=ON                                                                    
SCF_EXPORDER=6                                                                  
SCF_EXPSTART=5                                                                  
#SCF_DAMPING=1000                                                               
SCF_EXTRAPOLATION=ON                                                            
SCF_CONV=13                                                                     
SCF_MAXCYC=9999                                                                 
CC_CONV=10                                                                      
CC_MAXCYC=999                                                                   
T3_EXTRAPOL=ON                                                                  
REFERENCE=UHF                                                                   
CHARGE=+0                                                                       
MULT=3                                                                          
ABCDTYPE=STANDARD                                                               
OCCUPATION=2-1-1-0-1-0-0-0/2-1-0-0-0-0-0-0                                      
MEM=250                                                                         
MEM_UNIT=GB                                                                     
BASIS=SPECIAL)                                                                  
                                                                                
O:aCVTZ-EMSL                                                                    
                                                                                
********************************************************************************
  @GTFLGS-W, Keyword #FROZEN_CORE not known and is ignored.
  @GTFLGS-W, Keyword #DROPMO not known and is ignored.
  @GTFLGS-W, Keyword #SCF_DAMPING not known and is ignored.
    -------------------------------------------------------------------
                    CFOUR Control Parameters 
    -------------------------------------------------------------------
        External           Internal           Value            Units
          Name               Name
    -------------------------------------------------------------------
       ABCDTYPE             IABCDT         STANDARD    [  0]    ***   
       ANHARMONIC           IANHAR         OFF         [  0]    ***   
       ANH_ALGORIT          IANALG         STANDARD    [  0]    ***   
       ANH_DERIVAT          IANDER         SECOND      [  1]    ***   
       ANH_MODE             ANHMOD         VIBRATION   [  0]    ***   
       ANH_STEPSIZ          ICUBST             50000          x 10-6  
       ANH_SYMMETR          IANHSM         ABELIAN     [  0]    ***   
       AO_LADDERS           IAOLAD         SINGLEPASS  [  1]    ***   
       AV_SCF               IAVSCF         OFF         [  0]    ***   
       BASIS                IBASIS         SPECIAL     [  0]    ***   
       BOTHVECTORS          BOTHVC         OFF         [  0]    ***   
       BOX_POTENT           IPIAB          OFF         [  0]    ***   
       BREIT                IBREIT         OFF         [  0]    ***   
       BRUCK_CONV           IBRTOL          10D-  4             ***   
       BRUECKNER            IBRKNR         OFF         [  0]    ***   
       BUFFERSIZE           IBUFFS              4096            ***   
       CACHE_RECS           ICHREC             10               ***   
       CALCLEVEL            ICLLVL         CCSDT       [ 18]    ***   
       CCORBOPT             ICCORB         OFF         [  0]  x 0.01  
       CC_CONV              ICCCNV          10D- 10             ***   
       CC_EXPORDER          ICCEOR              5               ***   
       CC_EXTRAPOL          ICCEXT         DIIS        [  1]    ***   
       CC_GUESS             ICCGES         MP2         [  0]    ***   
       CC_MAXCYC            ICCCYC            999              cycles 
       CC_PROGRAM           ICCPRO         MRCC        [  2]    ***   
       CHARGE               ICHRGE              0               ***   
       CHOLESKY             ICHOLE         OFF         [  0]    ***   
       CIS_CONV             ICISTL              5               ***   
       COMM_SIZE            IPSIZE            ***               ***   
       CONSTANT             ICONST         OLD         [  1]    ***   
       CONTINUUM            ICONTU         NONE        [  0]    ***   
       CONTRACTION          ICNTYP         GENERAL     [  1]    ***   
       COORDINATES          ICOORD         INTERNAL    [  0]    ***   
       CPHF_CONVER          ICPHFT          10D- 16             ***   
       CPHF_MAXCYC          ICPHFC             64              cycles 
       CUBIC                ICUBIC         OFF         [  0]    ***   
       CURVILINEAR          ICURVY         OFF         [  0]    ***   
       DBOC                 IDBOC          OFF         [  0]    ***   
       DCT                  IDCT           OFF         [  0]    ***   
       DERIV_LEV            IDRLVL         ZERO        [  0]    ***   
       DEVMEM_SIZE          IDVMEM         *********           MByte  
       DIAG_MRCC            IEOMST          10D-  0             ***   
       DIFF_TYPE            IDIFTY         RELAXED     [  0]    ***   
       DIRECT               IDIRCT         OFF         [  0]    ***   
       DROPMO               IDRPMO      NONE         
       ECP                  IECP           OFF         [  0]    ***   
       EIGENVECTOR          IVEC                1               ***   
       EL_ANHARM            IELANH         OFF         [  0]    ***   
       EOMFOLLOW            IEOMSR         ENERGY      [  0]    ***   
       EOMIP                IEOMIP         OFF         [  0]    ***   
       EOMLEVEL             HBARFM         SAME        [  0]    ***   
       EOM_MRCC             IMRCCE         NEW         [  1]    ***   
       EOM_NONIT            EOMNON         OFF         [  0]    ***   
       EOM_NSING            IEOMSI          10D-  0             ***   
       EOM_NSTATES          IMRCCD         DAVIDSON    [  0]    ***   
       EOM_NTRIP            IEOMTR          10D-  0             ***   
       EOM_ORDER            IEXORD         ENERGY      [  0]    ***   
       EOM_PROPSTA          IEOMST              0               ***   
       ESTATE_CONV          IEXTOL          10D-  5             ***   
       ESTATE_DIAG          IEXDIG         ITERATIVE   [  0]    ***   
       ESTATE_LOCK          IESLOC         ON          [  1]    ***   
       ESTATE_MAXC          IEXMXC             40               ***   
       ESTATE_PROP          IEXPRP         OFF         [  0]    ***   
       EVAL_HESS            IRECAL              0            # of cyc.
       EXCITATION           IEXCIT              0               ***   
       EXCITE               IEXCIT         NONE        [  0]    ***   
       EXTERN_POT           IEXPOT         OFF         [  0]    ***   
       FCGRADNEW            IFCGNW         OFF         [  0]    ***   
       FC_FIELD             IFINFC              0             x 10-6  
       FD_CALTYPE           IFDCAL         GRADONLY    [  0]    ***   
       FD_PROJECT           IFDPRJ         OFF         [  1]    ***   
       FD_STEPSIZE          IDISFD              0            10-4 bohr
       FD_USEGROUP          IFDGRP         FULL        [  0]    ***   
       FILE_RECSIZ          IFLREC              4096           words  
       FINITE_PERT          IFIPER              0             x 10-6  
       FIXGEOM              IFIXGM         OFF         [  0]    ***   
       FOCK                 IFOCK          AO          [  1]    ***   
       FREQ_ALGORI          IVIALG         STANDARD    [  0]    ***   
       FROZEN_CORE          IFROCO         OFF         [  0]    ***   
       GAMMA_ABCD           IGABCD         STORE       [  0]    ***   
       GAMMA_ABCI           IGABCI         STORE       [  0]    ***   
       GENBAS_1             IGNBS1              0               ***   
       GENBAS_2             IGNBS2              0               ***   
       GENBAS_3             IGNBS3              0               ***   
       GENBAS_4             IGNBS4              0               ***   
       GEO_CONV             ICONTL              5              H/bohr 
       GEO_MAXCYC           IOPTCY             50               ***   
       GEO_MAXSTEP          IMXSTP            300            millibohr
       GEO_METHOD           INR            SINGLE_POINT[  5]    ***   
       GIAO                 IGIAO          OFF         [  1]    ***   
       GIMIC                IGIMIC         OFF         [  0]    ***   
       GRID                 IGRID          OFF         [  0]    ***   
       GRID_ALGO            IGALGO         SERIAL      [  0]    ***   
       GUESS                IGUESS         MOREAD      [  0]    ***   
       HBAR                 IHBAR          OFF         [  0]    ***   
       HESS_TYPE            IHESTP         SCF         [  0]    ***   
       HF2_FILE             IHF2Fl         USE         [  1]    ***   
       HFSTABILITY          ISTABL         OFF         [  0]    ***   
       INCORE               INCORE         OFF         [  0]    ***   
       INPUT_MRCC           IMRCC          OFF         [  0]    ***   
       INTEGRALS            INTTYP         VMOL        [  1]    ***   
       JODA_PRINT           IJPRNT              0               ***   
       KEYWORD_OUT          IDMPKW         NO          [  0]    ***   
       LINDEP_TOL           ILINDP              8               ***   
       LINEQ_CONV           IZTACN          10D-  7           cycles  
       LINEQ_EXPOR          ILMAXD              5               ***   
       LINEQ_MAXCY          ILMAXC            100               ***   
       LINEQ_TYPE           ILTYPE         DIIS        [  1]    ***   
       LOCK_ORBOCC          ILOCOC         OFF         [  0]    ***   
       MEMORY_SIZE          IMEMSZ         *********           words  
       MEM_UNIT             IMEMU          GB          [  3]    ***   
       MRCC                 IMRCCC         OFF         [  0]    ***   
       MULTIPLICTY          IMULTP              3               ***   
       NACOUPLING           IVCOUP         OFF         [  0]    ***   
       NEGEVAL              IDIE           ABORT       [  0]    ***   
       NEWNORM              INEWNO         OFF         [  0]    ***   
       NON-HF               INONHF         OFF         [  0]    ***   
       NTOP_TAMP            ITOPT2             15               ***   
       NUC_MODEL            INUCMO         POINT       [  0]    ***   
       OCCUPATION           IOCCU  A   2,  1,  1,  0,  1,  0,  0,  0,
                                   B   2,  1,  0,  0,  0,  0,  0,  0,
       OPEN-SHELL           IOPEN          SPIN-ORBITAL[  0]    ***   
       OPTVIB               IOPTVB         OFF         [  0]    ***   
       ORBITALS             IORBTP         STANDARD    [  0]    ***   
       PARALLEL             IPARAL         ON          [  1]    ***   
       PARA_INT             IPINTS         ON          [  1]    ***   
       PARA_PRINT           IPPRIN              0               ***   
       PERT_ORB             IPTORB         STANDARD    [  0]    ***   
       POINTS               IGRDFD              0               ***   
       PRINT                IPRNT               0               ***   
       PROPS                IPROPS         OFF         [  0]    ***   
       PROP_INTEGR          IINTYP         INTERNAL    [  0]    ***   
       PSI                  IPSI           OFF         [  0]    ***   
       QC_ALG               IQCALG         FLM         [  0]    ***   
       QC_LINALG            IQCLIN         TRIDIAG     [  2]    ***   
       QC_MAXCYC            IQCMAX          10D-100           cycles  
       QC_MAXSCFCY          IQCMSC          10D- 15           cycles  
       QC_RTRUST            IQCRTR          10D-  0           x 10-3  
       QC_SKIPSCF           IQCSKI         OFF         [  0]    ***   
       QC_START             IQCSTA          10D-  1             ***   
       QRHFGUESS            IQGUES         OFF         [  0]    ***   
       QUARTIC              IQUART         OFF         [  0]    ***   
       RAMAN_INT            IRAMIN         OFF         [  0]    ***   
       RAMAN_ORB            IRAMRE         UNRELAXED   [  0]    ***   
       RDO                  IRDOFM         OFF         [  0]    ***   
       REDUCE_REPR          REDREP         Ir          [  0]    ***   
       REFERENCE            IREFNC         UHF         [  1]    ***   
       RELATIVIST           IRELAT         OFF         [  0]    ***   
       RELAX_DENS           IRDENS         OFF         [  0]    ***   
       RESET_FLAGS          IRESET         OFF         [  0]    ***   
       RESTART_CC           ICCRES         OFF         [  0]    ***   
       ROT_EVEC             ROTVEC              0               ***   
       SAVE_INTS            ISVINT         ON          [  1]    ***   
       SCALE_ON             ISTCRT              0               ***   
       SCF_CONV             ISCFCV          10D- 13             ***   
       SCF_DAMPING          IDAMP               0             x 10-3  
       SCF_EXPORDE          IRPPOR              6               ***   
       SCF_EXPSTAR          IRPPLS              5               ***   
       SCF_EXTRAPO          IRPP           ON          [  1]    ***   
       SCF_MAXCYC           ISCFCY            ***              cycles 
       SCF_NOSTOP           ISCFST         OFF         [  0]    ***   
       SCF_PRINT            ISCFPR              0               ***   
       SCF_PROG             ISCFPR         SCF         [  0]    ***   
       SD_FIELD             IFINSD              0             x 10-6  
       SOPERT               IPERSO         OFF         [  0]    ***   
       SPHERICAL            IDFGHI         ON          [  1]    ***   
       SPINORBIT            ISOCAL         OFF         [  0]    ***   
       SPINROTATIO          ISRCON         OFF         [  0]    ***   
       SPIN_FLIP            ISPFLP         OFF         [  0]    ***   
       SPIN_ORBIT           ISPORB         OFF         [  0]    ***   
       SPIN_SCAL            ISCSMP         OFF         [  0]    ***   
       STEEPSCALE           ISTPSC              1000          x 10-3  
       SUBGROUP             ISUBGP         DEFAULT     [  0]    ***   
       SUBGRPAXIS           ISBXYZ         X           [  0]    ***   
       SYMMETRY             ISYM           ON          [  0]    ***   
       SYM_CHECK            ISYMCK         OVERRIDE    [  1]    ***   
       T3_EXTRAPOL          IT3EXT         ON          [  1]    ***   
       T4_EXTRAPOL          IT4EXP         OFF         [  0]    ***   
       TAMP_SUM             IEVERY              5               ***   
       TESTSUITE            ITESTS         OFF         [  0]    ***   
       THERMOCH             ITHERM         OFF         [  0]    ***   
       TOL_CHOLESK          ITOLCH          10D-  4             ***   
       TRANGRAD             IRESRM         OFF         [  0]    ***   
       TRANS_INV            ITRAIN         USE         [  0]    ***   
       TREAT_PERT           ITREAT         SIMULTANEOUS[  0]    ***   
       TRIP_ALGORI          ITRALG         NORMAL      [  0]    ***   
       UIJ_THRESHO          IUIJTH              1               ***   
       UNITS                IUNITS         ANGSTROM    [  0]    ***   
       UNOS                 IUNOS          OFF         [  0]    ***   
       UPDATE_HESS          IHUPDT         ON          [  1]    ***   
       VIBPHASE             ISETPH         STANDARD    [  0]    ***   
       VIBRATION            IVIB           NO          [  0]    ***   
       VIB_ALGORIT          IGEALG         STANDARD    [  0]    ***   
       VNATORB              IVNORB         OFF         [  0]    ***   
       VTRAN                IVTRAN         FULL/PARTIAL[  0]    ***   
       XFIELD               IXEFLD              0             x 10-6  
       XFORM_TOL            IXFTOL          10D- 18             ***   
       YFIELD               IYEFLD              0             x 10-6  
       ZFIELD               IZEFLD              0             x 10-6  
       ZSCALE_EXP           IZEXPS         OFF         [  0]    ***   
    -------------------------------------------------------------------
   1 entries found in Z-matrix 
   Job Title : TITLE                                                                           
   Rotational constants (in cm-1): 

   Rotational constants (in MHz): 

********************************************************************************
   The full molecular point group is I h .
   The largest Abelian subgroup of the full molecular point group is D2h .
   The computational point group is D2h .
********************************************************************************
  ECPDATA file not present.   Using default ECPDATA. 
  @GTFLGS-W, Keyword #FROZEN_CORE not known and is ignored.
  @GTFLGS-W, Keyword #DROPMO not known and is ignored.
  @GTFLGS-W, Keyword #SCF_DAMPING not known and is ignored.
  There are   59 basis functions.
 @GEOPT-W, Archive file not created for single-point calculation.
 @CHECKOUT-I, Total execution time (CPU/WALL):        0.14/       0.53 seconds.
--executable xjoda finished with status     0 in        0.59 seconds (walltime).
 --invoking executable--
/cvmfs/restricted.computecanada.ca/easybuild/software/2023/x86-64-v3/Compiler/intel2023/cfour/2.1/bin/xvmol
 SERIAL VERSION OF MOLECULE STARTED
********************************************************************************
                    INPUT FROM MOL FILE
********************************************************************************
INTGRL        1    0    1    0    0    0    0    0    0                         
         *** CFOUR Program System (Release V0.1) ***                            
TITLE                                                                           
    1    3 X  Y   Z   0.10E-08              0    0                              
   9999.00      3.00                                                            
          8.00000000    1    4    1    1    1    1                              
O #1   0.000000000000000   0.000000000000000   0.000000000000000                
   13    7                                                                      
   15330.0000000000       5.080000000000000E-004 -1.150000000000000E-004        
  0.000000000000000E+000  0.000000000000000E+000  0.000000000000000E+000        
  0.000000000000000E+000  0.000000000000000E+000                                
   2299.00000000000       3.929000000000000E-003 -8.950000000000000E-004        
  0.000000000000000E+000  0.000000000000000E+000  0.000000000000000E+000        
  0.000000000000000E+000  0.000000000000000E+000                                
   522.400000000000       2.024300000000000E-002 -4.636000000000000E-003        
  0.000000000000000E+000  0.000000000000000E+000  0.000000000000000E+000        
  0.000000000000000E+000  0.000000000000000E+000                                
   147.300000000000       7.918100000000000E-002 -1.872400000000000E-002        
  0.000000000000000E+000  0.000000000000000E+000  0.000000000000000E+000        
  0.000000000000000E+000  0.000000000000000E+000                                
   47.5500000000000       0.230687000000000      -5.846300000000000E-002        
  0.000000000000000E+000  0.000000000000000E+000  0.000000000000000E+000        
  0.000000000000000E+000  0.000000000000000E+000                                
   16.7600000000000       0.433118000000000      -0.136463000000000             
  0.000000000000000E+000  0.000000000000000E+000  0.000000000000000E+000        
  0.000000000000000E+000  0.000000000000000E+000                                
   6.20700000000000       0.350260000000000      -0.175740000000000             
  0.000000000000000E+000  0.000000000000000E+000  0.000000000000000E+000        
  0.000000000000000E+000  0.000000000000000E+000                                
   1.75200000000000       4.272800000000000E-002  0.160934000000000             
   1.00000000000000       0.000000000000000E+000  0.000000000000000E+000        
  0.000000000000000E+000  0.000000000000000E+000                                
  0.688200000000000      -8.154000000000000E-003  0.603418000000000             
  0.000000000000000E+000  0.000000000000000E+000  0.000000000000000E+000        
  0.000000000000000E+000  0.000000000000000E+000                                
  0.238400000000000       2.381000000000000E-003  0.378765000000000             
  0.000000000000000E+000   1.00000000000000       0.000000000000000E+000        
  0.000000000000000E+000  0.000000000000000E+000                                
   7.84500000000000       0.000000000000000E+000  0.000000000000000E+000        
  0.000000000000000E+000  0.000000000000000E+000   1.00000000000000             
  0.000000000000000E+000  0.000000000000000E+000                                
   21.0320000000000       0.000000000000000E+000  0.000000000000000E+000        
  0.000000000000000E+000  0.000000000000000E+000  0.000000000000000E+000        
   1.00000000000000       0.000000000000000E+000                                
  7.376000000000001E-002  0.000000000000000E+000  0.000000000000000E+000        
  0.000000000000000E+000  0.000000000000000E+000  0.000000000000000E+000        
  0.000000000000000E+000   1.00000000000000                                     
    8    6                                                                      
   34.4600000000000       1.592800000000000E-002  0.000000000000000E+000        
  0.000000000000000E+000  0.000000000000000E+000  0.000000000000000E+000        
  0.000000000000000E+000                                                        
   7.74900000000000       9.974000000000000E-002  0.000000000000000E+000        
  0.000000000000000E+000  0.000000000000000E+000  0.000000000000000E+000        
  0.000000000000000E+000                                                        
   2.28000000000000       0.310492000000000       0.000000000000000E+000        
  0.000000000000000E+000  0.000000000000000E+000  0.000000000000000E+000        
  0.000000000000000E+000                                                        
  0.715600000000000       0.491026000000000        1.00000000000000             
  0.000000000000000E+000  0.000000000000000E+000  0.000000000000000E+000        
  0.000000000000000E+000                                                        
  0.214000000000000       0.336337000000000       0.000000000000000E+000        
   1.00000000000000       0.000000000000000E+000  0.000000000000000E+000        
  0.000000000000000E+000                                                        
   15.1590000000000       0.000000000000000E+000  0.000000000000000E+000        
  0.000000000000000E+000   1.00000000000000       0.000000000000000E+000        
  0.000000000000000E+000                                                        
   57.4370000000000       0.000000000000000E+000  0.000000000000000E+000        
  0.000000000000000E+000  0.000000000000000E+000   1.00000000000000             
  0.000000000000000E+000                                                        
  5.974000000000000E-002  0.000000000000000E+000  0.000000000000000E+000        
  0.000000000000000E+000  0.000000000000000E+000  0.000000000000000E+000        
   1.00000000000000                                                             
    4    4                                                                      
   2.31400000000000        1.00000000000000       0.000000000000000E+000        
  0.000000000000000E+000  0.000000000000000E+000                                
  0.645000000000000       0.000000000000000E+000   1.00000000000000             
  0.000000000000000E+000  0.000000000000000E+000                                
   15.8580000000000       0.000000000000000E+000  0.000000000000000E+000        
   1.00000000000000       0.000000000000000E+000                                
  0.214000000000000       0.000000000000000E+000  0.000000000000000E+000        
  0.000000000000000E+000   1.00000000000000                                     
    2    2                                                                      
   1.42800000000000        1.00000000000000       0.000000000000000E+000        
  0.500000000000000       0.000000000000000E+000   1.00000000000000             
FINISH                                                                          
 
********************************************************************************
OMP: Info #277: omp_set_nested routine deprecated, please use omp_set_max_active_levels instead.
 ONE- AND TWO-ELECTRON INTEGRALS OVER SYMMETRY-ADAPTED AOS ARE CALCULATED.

  SPHERICAL HARMONICS ARE USED.
  
  INTEGRALS LESS THAN  0.10E-13 ARE NEGLECTED.

  NUCLEAR REPULSION ENERGY :    0.0000000000 A.U.
  @MOLECU-I, ONE ELECTRON INTEGRALS (CPU/WALL):        0.01/       0.01 SECONDS.
  @TWOEL-I,       7264 INTEGRALS OF SYMMETRY TYPE  I I I I
  @TWOEL-I,      48325 INTEGRALS OF SYMMETRY TYPE  I J I J
  @TWOEL-I,      30317 INTEGRALS OF SYMMETRY TYPE  I I J J
  @TWOEL-I,      80992 INTEGRALS OF SYMMETRY TYPE  I J K L
  @TWOEL-I, TOTAL NUMBER OF 2-E INTEGRALS     166898.
  @MOLECU-I, TWO ELECTRON INTEGRALS (CPU/WALL):        1.91/       0.88 SECONDS.
 @CHECKOUT-I, Total execution time (CPU/WALL):        1.95/       1.16 seconds.

Running with 4 threads/proc

--executable xvmol finished with status     0 in        1.23 seconds (walltime).
 --invoking executable--
/cvmfs/restricted.computecanada.ca/easybuild/software/2023/x86-64-v3/Compiler/intel2023/cfour/2.1/bin/xvmol2ja
 @GETMEM-I,  Allocated  238418 MB of main memory.
 @CHECKOUT-I, Total execution time (CPU/WALL):        0.03/       0.02 seconds.
--executable xvmol2ja finished with status     0 in        0.08 seconds (walltime).
 --invoking executable--
/cvmfs/restricted.computecanada.ca/easybuild/software/2023/x86-64-v3/Compiler/intel2023/cfour/2.1/bin/xvscf
  There are   59 functions in the AO basis.

  There are 8 irreducible representations.

       Irrep        # of functions
         1                 15
         2                 10
         3                 10
         4                  4
         5                 10
         6                  4
         7                  4
         8                  2


  Parameters for SCF calculation: 
        SCF reference function:  UHF  
  Maximum number of iterations: 9999
     Full symmetry point group: I h 
     Computational point group: D2h 
        Initial density matrix: MOREAD                 
     SCF convergence tolerance: 10**(-13)
  DIIS convergence acceleration:  ON
          Latest start for DIIS:   5
                     DIIS order:   6

     Alpha population by irrep:   2    1    1    0    1    0    0    0
      Beta population by irrep:   2    1    0    0    0    0    0    0


  Memory information:     195604 words required.
  Fock matrices are constructed from AO integral file.
 @GETMEM-I,  Allocated       1 MB of main memory.
  Initialization and symmetry analysis required      0.003 seconds.

 total no. of electrons in initial guess :  0.000000000000000E+000
 total no. of electrons in initial guess :  0.000000000000000E+000
  --------------------------------------------------------------------
  Iteration         Total Energy            Largest Density Difference
  --------------------------------------------------------------------
       0             0.000000000000000              0.0000000000D+00
   current occupation vector 
     2  1  1  0  1  0  0  0
     2  1  0  0  0  0  0  0
       1           -67.073919708779457              0.5407590638D+01
   current occupation vector 
     2  1  1  0  1  0  0  0
     2  1  0  0  0  0  0  0
       2           -69.392097756295286              0.5400855454D+01
   current occupation vector 
     2  1  1  0  1  0  0  0
     2  1  0  0  0  0  0  0
       3           -73.631119360543124              0.2461809249D+01
   current occupation vector 
     2  1  1  0  1  0  0  0
     2  1  0  0  0  0  0  0
       4           -74.640562439080711              0.1894122312D+01
   current occupation vector 
     2  1  1  0  1  0  0  0
     2  1  0  0  0  0  0  0
       5           -74.794863766452949              0.4518246295D+00
   current occupation vector 
     2  1  1  0  1  0  0  0
     2  1  0  0  0  0  0  0
       6           -74.812889913825600              0.1466600101D+00
   current occupation vector 
     2  1  1  0  1  0  0  0
     2  1  0  0  0  0  0  0
       7           -74.813083580399478              0.1452871436D-01
   current occupation vector 
     2  1  1  0  1  0  0  0
     2  1  0  0  0  0  0  0
       8           -74.813093656475957              0.2581729279D-02
   current occupation vector 
     2  1  1  0  1  0  0  0
     2  1  0  0  0  0  0  0
       9           -74.813095361694522              0.1805495262D-02
   current occupation vector 
     2  1  1  0  1  0  0  0
     2  1  0  0  0  0  0  0
      10           -74.813095602118636              0.8189708478D-03
   current occupation vector 
     2  1  1  0  1  0  0  0
     2  1  0  0  0  0  0  0
      11           -74.813095619364503              0.2135735774D-03
   current occupation vector 
     2  1  1  0  1  0  0  0
     2  1  0  0  0  0  0  0
      12           -74.813095620264917              0.4400565038D-04
   current occupation vector 
     2  1  1  0  1  0  0  0
     2  1  0  0  0  0  0  0
      13           -74.813095620358496              0.1637201215D-04
   current occupation vector 
     2  1  1  0  1  0  0  0
     2  1  0  0  0  0  0  0
      14           -74.813095620361494              0.3238488563D-05
   current occupation vector 
     2  1  1  0  1  0  0  0
     2  1  0  0  0  0  0  0
      15           -74.813095620361338              0.2231708511D-06
   current occupation vector 
     2  1  1  0  1  0  0  0
     2  1  0  0  0  0  0  0
      16           -74.813095620361452              0.4164621747D-07
   current occupation vector 
     2  1  1  0  1  0  0  0
     2  1  0  0  0  0  0  0
      17           -74.813095620361565              0.3747855359D-09
   current occupation vector 
     2  1  1  0  1  0  0  0
     2  1  0  0  0  0  0  0
      18           -74.813095620361466              0.1558180251D-09
   current occupation vector 
     2  1  1  0  1  0  0  0
     2  1  0  0  0  0  0  0
      19           -74.813095620361494              0.7131528701D-10
   current occupation vector 
     2  1  1  0  1  0  0  0
     2  1  0  0  0  0  0  0
      20           -74.813095620361551              0.4176881063D-11
   current occupation vector 
     2  1  1  0  1  0  0  0
     2  1  0  0  0  0  0  0
      21           -74.813095620361636              0.1201261313D-12
   current occupation vector 
     2  1  1  0  1  0  0  0
     2  1  0  0  0  0  0  0
      22           -74.813095620361409              0.8777867322D-11
   current occupation vector 
     2  1  1  0  1  0  0  0
     2  1  0  0  0  0  0  0
      23           -74.813095620361551              0.7648437439D-11
   current occupation vector 
     2  1  1  0  1  0  0  0
     2  1  0  0  0  0  0  0
      24           -74.813095620361452              0.3010480754D-11
   current occupation vector 
     2  1  1  0  1  0  0  0
     2  1  0  0  0  0  0  0
      25           -74.813095620361480              0.5558886684D-12
   current occupation vector 
     2  1  1  0  1  0  0  0
     2  1  0  0  0  0  0  0
      26           -74.813095620361594              0.1416444739D-10
   current occupation vector 
     2  1  1  0  1  0  0  0
     2  1  0  0  0  0  0  0
      27           -74.813095620361594              0.1423350326D-10
   current occupation vector 
     2  1  1  0  1  0  0  0
     2  1  0  0  0  0  0  0
      28           -74.813095620361523              0.3017142092D-11
   current occupation vector 
     2  1  1  0  1  0  0  0
     2  1  0  0  0  0  0  0
      29           -74.813095620361523              0.3180455899D-11
   current occupation vector 
     2  1  1  0  1  0  0  0
     2  1  0  0  0  0  0  0
      30           -74.813095620361423              0.2760014439D-11
   current occupation vector 
     2  1  1  0  1  0  0  0
     2  1  0  0  0  0  0  0
      31           -74.813095620361523              0.5261346914D-12
   current occupation vector 
     2  1  1  0  1  0  0  0
     2  1  0  0  0  0  0  0
      32           -74.813095620361523              0.5393463454D-12
   current occupation vector 
     2  1  1  0  1  0  0  0
     2  1  0  0  0  0  0  0
      33           -74.813095620361580              0.1189826015D-11
   current occupation vector 
     2  1  1  0  1  0  0  0
     2  1  0  0  0  0  0  0
      34           -74.813095620361565              0.2666755705D-12
   current occupation vector 
     2  1  1  0  1  0  0  0
     2  1  0  0  0  0  0  0
      35           -74.813095620361480              0.9812151092D-12
   current occupation vector 
     2  1  1  0  1  0  0  0
     2  1  0  0  0  0  0  0
      36           -74.813095620361523              0.1563638108D-11
   current occupation vector 
     2  1  1  0  1  0  0  0
     2  1  0  0  0  0  0  0
      37           -74.813095620361565              0.5224709554D-12
   current occupation vector 
     2  1  1  0  1  0  0  0
     2  1  0  0  0  0  0  0
      38           -74.813095620361466              0.6759037774D-12
   current occupation vector 
     2  1  1  0  1  0  0  0
     2  1  0  0  0  0  0  0
      39           -74.813095620361537              0.3771427615D-12
   current occupation vector 
     2  1  1  0  1  0  0  0
     2  1  0  0  0  0  0  0
      40           -74.813095620361509              0.1511346603D-11
   current occupation vector 
     2  1  1  0  1  0  0  0
     2  1  0  0  0  0  0  0
      41           -74.813095620361636              0.1574296249D-12
   current occupation vector 
     2  1  1  0  1  0  0  0
     2  1  0  0  0  0  0  0
      42           -74.813095620361523              0.3430589146D-12
   current occupation vector 
     2  1  1  0  1  0  0  0
     2  1  0  0  0  0  0  0
      43           -74.813095620361636              0.1703970298D-11
   current occupation vector 
     2  1  1  0  1  0  0  0
     2  1  0  0  0  0  0  0
      44           -74.813095620361608              0.4444400403D-10
   current occupation vector 
     2  1  1  0  1  0  0  0
     2  1  0  0  0  0  0  0
      45           -74.813095620361466              0.4283984278D-10
   current occupation vector 
     2  1  1  0  1  0  0  0
     2  1  0  0  0  0  0  0
      46           -74.813095620361608              0.3373967772D-12
   current occupation vector 
     2  1  1  0  1  0  0  0
     2  1  0  0  0  0  0  0
      47           -74.813095620361565              0.5536682224D-12
   current occupation vector 
     2  1  1  0  1  0  0  0
     2  1  0  0  0  0  0  0
      48           -74.813095620361551              0.9917622279D-12
   current occupation vector 
     2  1  1  0  1  0  0  0
     2  1  0  0  0  0  0  0
      49           -74.813095620361665              0.1739053346D-11
   current occupation vector 
     2  1  1  0  1  0  0  0
     2  1  0  0  0  0  0  0
      50           -74.813095620361494              0.1516342607D-11
   current occupation vector 
     2  1  1  0  1  0  0  0
     2  1  0  0  0  0  0  0
      51           -74.813095620361608              0.3256284131D-12
   current occupation vector 
     2  1  1  0  1  0  0  0
     2  1  0  0  0  0  0  0
      52           -74.813095620361494              0.1563194019D-12
   current occupation vector 
     2  1  1  0  1  0  0  0
     2  1  0  0  0  0  0  0
      53           -74.813095620361537              0.1365574320D-12
   current occupation vector 
     2  1  1  0  1  0  0  0
     2  1  0  0  0  0  0  0
      54           -74.813095620361537              0.2049471703D-12
   current occupation vector 
     2  1  1  0  1  0  0  0
     2  1  0  0  0  0  0  0
      55           -74.813095620361494              0.1234568003D-12
   current occupation vector 
     2  1  1  0  1  0  0  0
     2  1  0  0  0  0  0  0

  SCF has converged.

 Density matrix saved to file den.dat
 total alpha spin electron number:   5.00000000000000     
 total  beta spin electron number:   3.00000000000000     
     E(SCF)=       -74.813095620361509              0.6528111385D-13

  Eigenvector printing suppressed.


       The average multiplicity is    3.0061740
  The expectation value of S**2 is    2.0092706

 @PUTMOS-I, Writing converged MOs to NEWMOS. 
 @PUTMOS-I, Symmetry   1 Full Blocks  3 Partial Blocksize   3
 @PUTMOS-I, Symmetry   2 Full Blocks  2 Partial Blocksize   2
 @PUTMOS-I, Symmetry   3 Full Blocks  2 Partial Blocksize   2
 @PUTMOS-I, Symmetry   4 Full Blocks  1 Partial Blocksize   0
 @PUTMOS-I, Symmetry   5 Full Blocks  2 Partial Blocksize   2
 @PUTMOS-I, Symmetry   6 Full Blocks  1 Partial Blocksize   0
 @PUTMOS-I, Symmetry   7 Full Blocks  1 Partial Blocksize   0
 @PUTMOS-I, Symmetry   8 Full Blocks  0 Partial Blocksize   2
 @PUTFOCK-I, Writing converged Fock matrix to NEWFOCK. 
 @PUTFOCK-I, Symmetry   1 Full Blocks  3 Partial Blocksize   3
 @PUTFOCK-I, Symmetry   2 Full Blocks  2 Partial Blocksize   2
 @PUTFOCK-I, Symmetry   3 Full Blocks  2 Partial Blocksize   2
 @PUTFOCK-I, Symmetry   4 Full Blocks  1 Partial Blocksize   0
 @PUTFOCK-I, Symmetry   5 Full Blocks  2 Partial Blocksize   2
 @PUTFOCK-I, Symmetry   6 Full Blocks  1 Partial Blocksize   0
 @PUTFOCK-I, Symmetry   7 Full Blocks  1 Partial Blocksize   0
 @PUTFOCK-I, Symmetry   8 Full Blocks  0 Partial Blocksize   2


 
  ORBITAL EIGENVALUES (ALPHA)  (1H = 27.2113834 eV)

       MO #        E(hartree)               E(eV)           FULLSYM    COMPSYM
       ----   --------------------   --------------------   -------   ---------
    1     1         -20.7102427282        -563.5543551828      Ag        Ag (1)
    2     2          -1.4195944956         -38.6291300916      Ag        Ag (1)
    3    26          -0.7110302972         -19.3481180268       u       B3u (3)
    4    40          -0.7110302972         -19.3481180268       u       B1u (5)
    5    16          -0.6118320050         -16.6487952639      Au       B2u (2)
  +++++++++++++++++++++++++++++++++++++++++++++++++++++++++++++++++++++++++++++
    6     3           0.1525394095           4.1508083548      Ag        Ag (1)
    7    41           0.1530684196           4.1652034533       u       B1u (5)
    8    27           0.1530684196           4.1652034533       u       B3u (3)
    9    17           0.1626456319           4.4258126469      Au       B2u (2)
   10    54           0.6228262610          16.9479641790       g       B2g (7)
   11     4           0.6228262610          16.9479641790       g        Ag (1)
   12    36           0.6405672792          17.4307218272       g       B1g (4)
   13    50           0.6405672792          17.4307218272       g       B3g (6)
   14     5           0.6465976089          17.5948154419      Ag        Ag (1)
   15    28           0.8648967863          23.5350380533       u       B3u (3)
   16    42           0.8648967863          23.5350380533       u       B1u (5)
   17    18           0.9084027608          24.7188958058      Au       B2u (2)
   18     6           1.0732706667          29.2051796029      Ag        Ag (1)
   19    29           1.9950490946          54.2880458138       u       B3u (3)
   20    43           1.9950490946          54.2880458138       u       B1u (5)
   21    58           2.0184694312          54.9253455737       u        Au (8)
   22    19           2.0184694312          54.9253455737       u       B2u (2)
   23    30           2.0328237553          55.3159465888       u       B3u (3)
   24    44           2.0328237553          55.3159465888       u       B1u (5)
   25    20           2.0376699579          55.4478184671      Au       B2u (2)
   26     7           2.0382160217          55.4626776174       g        Ag (1)
   27    55           2.0382160217          55.4626776174       g       B2g (7)
   28    37           2.0867211184          56.7825684013       g       B1g (4)
   29    51           2.0867211184          56.7825684013       g       B3g (6)
   30     8           2.1039448119          57.2512489289      Ag        Ag (1)
   31    31           3.9270275579         106.8598524995       u       B3u (3)
   32    45           3.9270275579         106.8598524995       u       B1u (5)
   33    21           4.0026624056         108.9179813385      Au       B2u (2)
   34     9           5.0980744867         138.7256594587      Ag        Ag (1)
   35    32           6.3325677289         172.3179283785       u       B3u (3)
   36    46           6.3325677289         172.3179283785       u       B1u (5)
   37    22           6.3789977921         173.5813546290       u       B2u (2)
   38    59           6.3789977921         173.5813546290       u        Au (8)
   39    33           6.4073350289         174.3524500441       u       B3u (3)
   40    47           6.4073350289         174.3524500441       u       B1u (5)
   41    23           6.4168712216         174.6119430402      Au       B2u (2)
   42    10           6.8256784288         185.7361526905       g        Ag (1)
   43    56           6.8256784288         185.7361526905       g       B2g (7)
   44    38           6.8918767937         187.5375017791       g       B1g (4)
   45    52           6.8918767937         187.5375017791       g       B3g (6)
   46    11           6.9151466987         188.1707080862      Ag        Ag (1)
   47    48          25.8761274987         704.1252262734       u       B1u (5)
   48    34          25.8761274987         704.1252262734       u       B3u (3)
   49    24          25.9319257025         705.6435725898      Au       B2u (2)
   50    12          27.9551802621         760.6991281283      Ag        Ag (1)
   51    57          43.7637806647        1190.8730147005       g       B2g (7)
   52    13          43.7637806647        1190.8730147005       g        Ag (1)
   53    39          43.8053829784        1192.0050712084       g       B1g (4)
   54    53          43.8053829784        1192.0050712084       g       B3g (6)
   55    14          43.8193671460        1192.3855997565      Ag        Ag (1)
   56    35         138.1130426885        3758.2469571383       u       B3u (3)
   57    49         138.1130426885        3758.2469571384       u       B1u (5)
   58    25         138.1383732998        3758.9362381129      Au       B2u (2)
   59    15         148.2534266959        4034.1808341855      Ag        Ag (1)


 
  ORBITAL EIGENVALUES ( BETA)  (1H = 27.2113834 eV)

       MO #        E(hartree)               E(eV)           FULLSYM    COMPSYM
       ----   --------------------   --------------------   -------   ---------
    1     1         -20.6320136653        -561.4256341613      Ag        Ag (1)
    2     2          -1.0771775695         -29.3114918328      Ag        Ag (1)
    3    16          -0.5218486208         -14.2002228961      Au       B2u (2)
  +++++++++++++++++++++++++++++++++++++++++++++++++++++++++++++++++++++++++++++
    4    40           0.0648495584           1.7646461961       u       B1u (5)
    5    26           0.0648495584           1.7646461961       u       B3u (3)
    6     3           0.1654902222           4.5032178864      Ag        Ag (1)
    7    17           0.1669016892           4.5416258558      Au       B2u (2)
    8    41           0.2270153116           6.1774006828       u       B1u (5)
    9    27           0.2270153116           6.1774006828       u       B3u (3)
   10     4           0.6559127590          17.8482935618      Ag        Ag (1)
   11    36           0.6559557459          17.8494632947       g       B1g (4)
   12    50           0.6559557459          17.8494632947       g       B3g (6)
   13     5           0.6574795385          17.8909278009       g        Ag (1)
   14    54           0.6574795385          17.8909278009       g       B2g (7)
   15    18           0.9368989261          25.4943158842      Au       B2u (2)
   16    28           1.0163389804          27.6559896597       u       B3u (3)
   17    42           1.0163389804          27.6559896597       u       B1u (5)
   18     6           1.1369769990          30.9387170368      Ag        Ag (1)
   19    29           2.0333155754          55.3293296964       u       B3u (3)
   20    43           2.0333155754          55.3293296964       u       B1u (5)
   21    58           2.0430185771          55.5933617936       u        Au (8)
   22    19           2.0430185771          55.5933617936       u       B2u (2)
   23    30           2.0487873214          55.7503373064       u       B3u (3)
   24    44           2.0487873214          55.7503373064       u       B1u (5)
   25    20           2.0506934142          55.8022047291      Au       B2u (2)
   26     7           2.1649339994          58.9108490933      Ag        Ag (1)
   27    37           2.1706553239          59.0665342480       g       B1g (4)
   28    51           2.1706553239          59.0665342480       g       B3g (6)
   29     8           2.1908932628          59.6172365627       g        Ag (1)
   30    55           2.1908932628          59.6172365627       g       B2g (7)
   31    21           4.0500471743         110.2073864468      Au       B2u (2)
   32    45           4.0978279067         111.5075662768       u       B1u (5)
   33    31           4.0978279067         111.5075662768       u       B3u (3)
   34     9           5.1949533984         141.3618686688      Ag        Ag (1)
   35    32           6.4415096578         175.2823889743       u       B3u (3)
   36    46           6.4415096578         175.2823889743       u       B1u (5)
   37    22           6.4558197264         175.6717857368       u       B2u (2)
   38    59           6.4558197264         175.6717857368       u        Au (8)
   39    33           6.4643266429         175.9032707025       u       B3u (3)
   40    47           6.4643266429         175.9032707025       u       B1u (5)
   41    23           6.4671483937         175.9800544470      Au       B2u (2)
   42    10           7.0027908217         190.5556259189      Ag        Ag (1)
   43    38           7.0057500833         190.6361515217       g       B1g (4)
   44    52           7.0057500833         190.6361515217       g       B3g (6)
   45    11           7.0155468283         190.9027345051       g        Ag (1)
   46    56           7.0155468283         190.9027345051       g       B2g (7)
   47    48          25.9578333945         706.3485567316       u       B1u (5)
   48    34          25.9578333945         706.3485567316       u       B3u (3)
   49    24          25.9600659992         706.4093089945      Au       B2u (2)
   50    12          28.0093913424         762.1742866198      Ag        Ag (1)
   51    13          43.8404296561        1192.9587397925       g        Ag (1)
   52    57          43.8404296561        1192.9587397925       g       B2g (7)
   53    39          43.8528985791        1193.2980364365       g       B1g (4)
   54    53          43.8528985791        1193.2980364365       g       B3g (6)
   55    14          43.8570794737        1193.4118043636      Ag        Ag (1)
   56    35         138.1318815140        3758.7595876415       u       B3u (3)
   57    49         138.1318815140        3758.7595876415       u       B1u (5)
   58    25         138.1465656921        3759.1591644423      Au       B2u (2)
   59    15         148.2681899234        4034.5825620306      Ag        Ag (1)


  VSCF finished.

 @CHECKOUT-I, Total execution time (CPU/WALL):        1.64/       0.61 seconds.
--executable xvscf finished with status     0 in        0.67 seconds (walltime).
 --invoking executable--
/cvmfs/restricted.computecanada.ca/easybuild/software/2023/x86-64-v3/Compiler/intel2023/cfour/2.1/bin/xvtran
 @GETMEM-I,  Allocated  238418 MB of main memory.
  Full UHF integral transformation
  Transformation of IIII integrals :
  2 passes through the AO integral file were required.
        7264 AO integrals were read.
       12051 MO integrals (Spin case AAAA) were written to HF2AA.
       12051 MO integrals (Spin case BBBB) were written to HF2BB.
       23784 MO integrals (Spin case AABB) were written to HF2AB.
  Transformation of IIJJ integrals :
  2 passes through the AO integral file were required.
       30317 AO integrals were read.
       38670 MO integrals (Spin case AAAA) were written to HF2AA.
       38670 MO integrals (Spin case BBBB) were written to HF2BB.
       77340 MO integrals (Spin case AABB) were written to HF2AB.
  Transformation of IJIJ integrals :
  2 passes through the AO integral file were required.
       48325 AO integrals were read.
       63606 MO integrals (Spin case AAAA) were written to HF2AA.
       63606 MO integrals (Spin case BBBB) were written to HF2BB.
      125760 MO integrals (Spin case AABB) were written to HF2AB.
  Transformation of IJKL integrals :
  2 passes through the AO integral file were required.
       80992 AO integrals were read.
       90960 MO integrals (Spin case AAAA) were written to HF2AA.
       90960 MO integrals (Spin case BBBB) were written to HF2BB.
      181920 MO integrals (Spin case AABB) were written to HF2AB.
  Summary of active molecular orbitals: 
------------------------------------------------------------------------
                         * Spin case alpha *
 
  Index      Eigenvalue    Symmetry    Index      Eigenvalue    Symmetry
------------------------------------------------------------------------
     1       -20.7102427        1        31         2.0328238        3
     2        -1.4195945        1        32         3.9270276        3
     3        -0.6118320        2        33         6.3325677        3
     4        -0.7110303        3        34         6.4073350        3
     5        -0.7110303        5        35        25.8761275        3
     6         0.1525394        1        36       138.1130427        3
     7         0.6228263        1        37         0.6405673        4
     8         0.6465976        1        38         2.0867211        4
     9         1.0732707        1        39         6.8918768        4
    10         2.0382160        1        40        43.8053830        4
    11         2.1039448        1        41         0.1530684        5
    12         5.0980745        1        42         0.8648968        5
    13         6.8256784        1        43         1.9950491        5
    14         6.9151467        1        44         2.0328238        5
    15        27.9551803        1        45         3.9270276        5
    16        43.7637807        1        46         6.3325677        5
    17        43.8193671        1        47         6.4073350        5
    18       148.2534267        1        48        25.8761275        5
    19         0.1626456        2        49       138.1130427        5
    20         0.9084028        2        50         0.6405673        6
    21         2.0184694        2        51         2.0867211        6
    22         2.0376700        2        52         6.8918768        6
    23         4.0026624        2        53        43.8053830        6
    24         6.3789978        2        54         0.6228263        7
    25         6.4168712        2        55         2.0382160        7
    26        25.9319257        2        56         6.8256784        7
    27       138.1383733        2        57        43.7637807        7
    28         0.1530684        3        58         2.0184694        8
    29         0.8648968        3        59         6.3789978        8
    30         1.9950491        3
------------------------------------------------------------------------
------------------------------------------------------------------------
                         * Spin case beta *
 
  Index      Eigenvalue    Symmetry    Index      Eigenvalue    Symmetry
------------------------------------------------------------------------
     1       -20.6320137        1        31         4.0978279        3
     2        -1.0771776        1        32         6.4415097        3
     3        -0.5218486        2        33         6.4643266        3
     4         0.1654902        1        34        25.9578334        3
     5         0.6559128        1        35       138.1318815        3
     6         0.6574795        1        36         0.6559557        4
     7         1.1369770        1        37         2.1706553        4
     8         2.1649340        1        38         7.0057501        4
     9         2.1908933        1        39        43.8528986        4
    10         5.1949534        1        40         0.0648496        5
    11         7.0027908        1        41         0.2270153        5
    12         7.0155468        1        42         1.0163390        5
    13        28.0093913        1        43         2.0333156        5
    14        43.8404297        1        44         2.0487873        5
    15        43.8570795        1        45         4.0978279        5
    16       148.2681899        1        46         6.4415097        5
    17         0.1669017        2        47         6.4643266        5
    18         0.9368989        2        48        25.9578334        5
    19         2.0430186        2        49       138.1318815        5
    20         2.0506934        2        50         0.6559557        6
    21         4.0500472        2        51         2.1706553        6
    22         6.4558197        2        52         7.0057501        6
    23         6.4671484        2        53        43.8528986        6
    24        25.9600660        2        54         0.6574795        7
    25       138.1465657        2        55         2.1908933        7
    26         0.0648496        3        56         7.0155468        7
    27         0.2270153        3        57        43.8404297        7
    28         1.0163390        3        58         2.0430186        8
    29         2.0333156        3        59         6.4558197        8
    30         2.0487873        3
------------------------------------------------------------------------
  -20.7102427281500       -1.41959449557551      -0.611832004979630     
 -0.711030297224945      -0.711030297224924       0.152539409473772     
  0.622826260975920       0.646597608922132        1.07327066667708     
   2.03821602165977        2.10394481189512        5.09807448667646     
   6.82567842877640        6.91514669872266        27.9551802621084     
   43.7637806646931        43.8193671460480        148.253426695885     
  0.162645631860423       0.908402760801039        2.01846943120513     
   2.03766995790001        4.00266240556015        6.37899779211341     
   6.41687122162974        25.9319257024531        138.138373299790     
  0.153068419641114       0.864896786293212        1.99504909455729     
   2.03282375525282        3.92702755786829        6.33256772893547     
   6.40733502891492        25.8761274986613        138.113042688537     
  0.640567279176191        2.08672111838684        6.89187679370764     
   43.8053829783742       0.153068419641114       0.864896786293246     
   1.99504909455732        2.03282375525284        3.92702755786849     
   6.33256772893548        6.40733502891493        25.8761274986612     
   138.113042688537       0.640567279176192        2.08672111838686     
   6.89187679370767        43.8053829783742       0.622826260975917     
   2.03821602165978        6.82567842877645        43.7637806646930     
   2.01846943120513        6.37899779211342     
  -20.6320136653298       -1.07717756947433      -0.521848620753005     
  0.165490222242808       0.655912758990221       0.657479538542569     
   1.13697699900076        2.16493399939649        2.19089326280710     
   5.19495339839418        7.00279082168670        7.01554682828585     
   28.0093913424392        43.8404296560879        43.8570794737166     
   148.268189923434       0.166901689232646       0.936898926064250     
   2.04301857705592        2.05069341417989        4.05004717425678     
   6.45581972641518        6.46714839374775        25.9600659992369     
   138.146565692148       6.484955836815885E-002  0.227015311644628     
   1.01633898038643        2.03331557543694        2.04878732135243     
   4.09782790671496        6.44150965784013        6.46432664288849     
   25.9578333945187        138.131881514025       0.655955745886247     
   2.17065532390314        7.00575008331768        43.8528985790725     
  6.484955836815258E-002  0.227015311644625        1.01633898038645     
   2.03331557543695        2.04878732135245        4.09782790671475     
   6.44150965784017        6.46432664288852        25.9578333945185     
   138.131881514026       0.655955745886254        2.17065532390317     
   7.00575008331770        43.8528985790725       0.657479538542590     
   2.19089326280712        7.01554682828590        43.8404296560879     
   2.04301857705590        6.45581972641522     
 @CHECKOUT-I, Total execution time (CPU/WALL):        1.42/       5.65 seconds.
--executable xvtran finished with status     0 in        5.71 seconds (walltime).
 --invoking executable--
/cvmfs/restricted.computecanada.ca/easybuild/software/2023/x86-64-v3/Compiler/intel2023/cfour/2.1/bin/xintprc
 @GETMEM-I,  Allocated  238418 MB of main memory.
  @GMOIAA-I, Processing MO integrals for spin case AA.
  @GMOIAA-I, Generation of integral list completed.
                      TYPE                NUMBER
                      ----               --------
                      PPPP                143308
                      PPPH                 52948
                      PPHH                  5125
                      PHPH                  3237
                      PHHH                   636
                      HHHH                    33

                     TOTAL                205287
  @GMOIAA-I, Processing MO integrals for spin case BB.
  @GMOIAA-I, Generation of integral list completed.
                      TYPE                NUMBER
                      ----               --------
                      PPPP                165591
                      PPPH                 35796
                      PPHH                  2159
                      PHPH                  1526
                      PHHH                   202
                      HHHH                    13

                     TOTAL                205287
  @GMOIAB-I, Processing MO integrals for spin case AB.
                      TYPE                NUMBER
                      ----               --------
                      PPPP                306504
                      PPPH1H               56922
                      PPPH2H               33382
                      PPHH                  6352
                      PHPH1P                1430
                      PHPH2P                3482
                      PHHH1P                 290
                      PHHH2P                 414
                      HHHH                    28

                     TOTAL                408804

  @FORMT2-I, Second-order MP correlation energies:
            ------------------------------------------------
            E(SCF)                  =    -74.813095620362 a.u.
            E2(AA)                  =     -0.036725495764 a.u.
            E2(BB)                  =     -0.006432458898 a.u.
            E2(AB)                  =     -0.158570702695 a.u.
            E2(TOT)                 =     -0.201728657357 a.u.
            Total MP2 energy        =    -75.014824277719 a.u.
            ------------------------------------------------
            ----------------------------------------------
                     Projected spin multiplicities: 
            ----------------------------------------------
             <0|S^2|0>                  =    2.0092705607.
             <0|S^2 T2|0>               =   -0.0036543478.
             Projected <0|S^2 exp(T)|0> =    2.0056162128.
             Approximate spin mult.     =    3.0037418084.
            ----------------------------------------------
   Largest T2 amplitudes for spin case AA:
   i   j   a   b             i   j   a   b             i   j   a   b
-----------------------------------------------------------------------------
[  4   3  29  20]-0.02009 [  5   3  42  20]-0.02009 [  5   4  42  29]-0.01922
[  5   4  55  10] 0.01496 [  5   3  51  11] 0.01267 [  4   3  38  11] 0.01267
[  3   2  20   9]-0.01119 [  4   3  29  19]-0.01061 [  5   3  42  19]-0.01061
[  5   2  42   9]-0.01053 [  4   2  29   9]-0.01053 [  5   3  41  20]-0.00990
[  4   3  28  20]-0.00990 [  4   3  32  20]-0.00958 [  5   3  45  20]-0.00958
-----------------------------------------------------------------------------
   Norm of T2AA vector (     1888 symmetry allowed elements):  0.0788135578.
-----------------------------------------------------------------------------
   Largest T2 amplitudes for spin case BB:
   i   j   a   b             i   j   a   b             i   j   a   b
-----------------------------------------------------------------------------
[  3   2  18   7] 0.01279 [  3   2  37  26]-0.00813 [  3   2  51  40]-0.00813
[  3   2  18   4]-0.00808 [  3   2  51  41]-0.00764 [  3   2  37  27]-0.00764
[  3   2  17   7] 0.00751 [  3   2  36  26] 0.00721 [  3   2  50  40] 0.00721
[  3   2  21   7] 0.00613 [  3   2  50  41] 0.00612 [  3   2  36  27] 0.00612
[  3   2  17   4]-0.00584 [  3   2  18  10]-0.00540 [  3   2  21  10]-0.00495
-----------------------------------------------------------------------------
   Norm of T2BB vector (      633 symmetry allowed elements):  0.0325900345.
-----------------------------------------------------------------------------
   Largest T2 amplitudes for spin case AB:
       _       _                 _       _                 _       _
   i   j   a   b             i   j   a   b             i   j   a   b
-----------------------------------------------------------------------------
[  3   3  20  18]-0.03344 [  4   3  29  18]-0.02471 [  5   3  42  18]-0.02471
[  3   2  20   7] 0.01988 [  4   2  29   7] 0.01886 [  5   2  42   7] 0.01886
[  2   3   9  18]-0.01824 [  3   3  20  17]-0.01815 [  3   3  11   8]-0.01684
[  3   3  19  18]-0.01670 [  3   2  38  26] 0.01583 [  3   2  51  40] 0.01583
[  4   2  10  26]-0.01552 [  5   2  55  26] 0.01552 [  4   2  55  40] 0.01552
-----------------------------------------------------------------------------
   Norm of T2AB vector (     6352 symmetry allowed elements):  0.1513903180.
-----------------------------------------------------------------------------
 @CHECKOUT-I, Total execution time (CPU/WALL):        0.79/       0.62 seconds.
--executable xintprc finished with status     0 in        0.68 seconds (walltime).
 --invoking executable--
/cvmfs/restricted.computecanada.ca/easybuild/software/2023/x86-64-v3/Compiler/intel2023/cfour/2.1/bin/xint
 @GETMEM-I,  Allocated  238418 MB of main memory.
 @CHECKOUT-I, Total execution time (CPU/WALL):        2.84/       2.94 seconds.
--executable xint finished with status     0 in        3.00 seconds (walltime).
 --invoking executable--
/cvmfs/restricted.computecanada.ca/easybuild/software/2023/x86-64-v3/MPI/intel2023/openmpi4/mrcc/20230828/bin/dmrcc
 **********************************************************************
                          MRCC program system
 **********************************************************************
 
                              Written by
     Mihaly Kallay, Peter R. Nagy, David Mester, Laszlo Gyevi-Nagy,
        Jozsef Csoka, P. Bernat Szabo, Zoltan Rolik, Gyula Samu,
     Jozsef Csontos, Bence Hegely, Adam Ganyecz, Istvan Ladjanszki,
       Lorant Szegedy, Bence Ladoczki, Klara Petrov, Mate Farkas,
                    Pal D. Mezei, and Reka A. Horvath
 
        Department of Physical Chemistry and Materials Science
            Budapest University of Technology and Economics
                  Budapest P.O.Box 91, H-1521 Hungary
 
                              www.mrcc.hu
 
                     Release date: August 28, 2023

 ************************ 2024-11-11 22:31:23 *************************
 Executing minp...

 Reading input from MINP...
 
 Input file:
 
basis=aCVTZ-EMSL
iface=cfour
uncontract=off
calc=CC(8)
ccprog=mrcc
mem=250GB
core=corr
itol=18
scftol=13
cctol=10
ccmaxit=999
scfmaxit=9999
scfiguess=ao
scftype=UHF
rohftype=semicanonical
rest=2
charge=+0
mult=3
refdet=serialno
1-3
4,5

symm=7
occ=2,0,0,0,0,1,1,1/2,0,0,0,0,0,0,1
geom
O

#Li 1 R
#R=3.065

#unit=angstroms

tprint=0.01
verbosity=3
#nstate=4
 
 
 Checking keyword combinations...
 
 Keywords:
 
 active=none
 agrid=ld0006-ld0590
 agrid_pssp=ld0006-ld0194
 agrid_pssp_sm=ld0006-ld0074
 basis=acvtz-emsl
 basis_sm=none
 basopt=off
 bfbasis=none
 bfgsmem=10
 bfgstol=1.0d-3
 boysalg=jacobi
 bpcompo=0.985
 bpcompv=0.98
 bpdfo=0.985
 bpocc=0.985
 bppdo=0.985
 bppdv=0.98
 bpedo=0.985
 bpedv=0.98
 calc=cc(8)
 ccmaxit=999
 ccprog=mrcc
 ccsdalg=disk
 ccsdmkl=seq
 ccsdrest=off
 ccsdthreads=2
 cctol=10
 charge=+0
 cialg=disk
 ciguess=off
 cmpgrp=auto
 comprest=off
 coord_sys=ric
 core=corr
 corembed=off
 csapprox=off
 cvs=off
 dboc=off
 delocsomofact=
 dendec=cholesky
 dens=0
 denscorr=0
 dfalg=lineq
 dfbasis_cab=none
 dfbasis_cor=none
 dfbasis_scf=none
 dfbasis_scf_sm=none
 dfintran=ovirt
 dft=off
 dhexc=adc(2)
 diag=david
 docc=
 domrad=10.d0
 drpaalg=fit
 dual=off
 dual_df=off
 ecp=auto
 edisp=off
 edisp_embed=off
 embed=off
 epairestfact=off
 epairscale=1.d0
 etemp=300
 epert=none
 eps=
 espcharge=off
 excrad=0.d0
 excrad_fin=0.000000000D+00
 fitting=coulomb
 fmm=off
 fmmord=8
 fnonorb=
 freq=off
 gamma=1.d0
 gauss=spher
 geom=zmat
 gopt=off
 ghost=none
 gtol=7
 grdens=off
 grid=auto
 grid_sm=auto
 gridbatch_cos=2000
 grtol=10
 guido_ct=off
 hamilton=dc
 iface=cfour
 intalg=auto
 ip_ea=off
 itol=18
 laptol=1.d-2
 lccoporder=trffirst
 lcorthr=normal
 lccrest=off
 ldfgrad_tol=8
 lmp2dens=on
 lnoepso=0.d0
 lnoepsv=1e-6
 localcc=off
 localcorrsymm=off
 locintrf=disk
 mact=
 maxact=off
 maxdim=200
 maxex=0
 maxmicroit=100
 mcscfiguess=hf
 mem=250gb
 mmprog=
 molden=on
 mpitasks=1
 mulmet=0
 mult=3
 nab=off
 nacto=0
 nactv=0
 naf_amp=3.16d-3
 naf_cor=off
 naf_f12=off
 naf_scf=off
 nafalg=albe
 nafdens=off
 naftyp=
 nchol=auto
 ndeps=1e-3
 nstate=1
 nsing=0
 nto=off
 ntrip=0
 num_grad=off
 occ=2,0,0,0,0,1,1,1/2,0,0,0,0,0,0,1
 occri=off
 oniom=off
 oniom_eechg=off
 oniom_pcm=off
 oniom_qcorr=off
 optalg=
 optmaxit=50
 optetol=1e-6
 optex=0
 optgtol=1e-4
 optstol=1e-3
 orblocc=off
 orbloce=off
 orbloco=off
 orblocv=off
 orblocguess=cholesky
 osveps=1e-3
 ovirt=off
 ovltol=1e-7
 ovosnorb=80.0
 pao_subsys_tol=1e-3
 pcm=off
 popul=off
 pressure=100000
 pssp=off
 ptfreq=0.0
 ptthreads=2
 qmreg=
 qmmm=off
 qro=off
 qscf=off
 redcost_exc=off
 redcost_tddft=off
 refdet=serialno
 rest=2
 rgrid=log3
 rism=off
 rohfcore=semicanonical
 rohftype=semicanonical
 scfalg=auto
 scf_conv=auto
 scfdamp=0.0d0
 scfdamp_mode=off
 scfdamp_end=9999
 scfdamp_dampstep=0.d0
 scfdamp_dtol=0.0d0
 scfdamp_maxfact=0.0d0
 scfdamp_minfact=0.0d0
 scfdiis=on
 scfdiis_dtol=0.0d0
 scfdiis_end=9999
 scfdiis_start=2
 scfdiis_step=1
 scfdiis_watch=off
 scfdiis_wrange=10
 scfdiis_wlimit=5
 scfdiis_delmax=2
 scfdtol=14
 scfext=10
 scfguessdens=
 scfiguess=ao
 scfloc=off
 scflshift=0.20
 scflshift_end=8
 scflshift_dtol=0.0
 scflshift_gaptol=0.20
 scfmaxit=9999
 scftype=uhf
 scftol=13
 scspe=1.d0
 scsph=1.d0
 scsps=1.2d0
 scsps_t=1.2d0
 scspt=0.33333333333333
 scspt_t=0.33333333333333
 scspv=1.d0
 spairtol=1e-4
 sqmprog=
 subminp=top
 symm=7
 talg=occ
 temp=298.15
 test=off
 theodore=off
 tlmo=0.999
 tpao=0.94
 tprint=0.01
 uncontract=off
 unit=angs
 usedisk=2
 verbosity=3
 wpairtol=0.100000000E-05

 ************************ 2024-11-11 22:31:24 *************************
 Executing goldstone...

 Generation of CC equations in terms of H and T...
 Generation of antisymmetrized Goldstone diagrams...
 Number of diagrams in T^1 equations:    15
 Number of diagrams in T^2 equations:    38
 Number of diagrams in T^3 equations:    54
 Number of diagrams in T^4 equations:    81
 Number of diagrams in T^5 equations:   106
 Number of diagrams in T^6 equations:   142
 Number of diagrams in T^7 equations:   175
 Number of diagrams in T^8 equations:   215
 Translation of diagrams to factorized equations...
 Optimizing intermediate calculation...
 Number of floating-point operations per iteration step:   5.0584E+16
 Probable CPU time per iteration step (hours): 505842.37
 Required memory (Mbytes): *********
 Number of intermediates:                                 303
 Number of intermediates to be stored:                    109
 Length of intermediate file (Mbytes):  764374.3

 ************************ 2024-11-11 22:31:57 *************************
 Executing xmrcc...

 **********************************************************************
 CC(                     8 ) calculation 
 
 
 Allocation of****** Mbytes of memory...
 Number of spinorbitals:                   118
 Number of alpha electrons:                        5
 Number of beta electrons:                         3
 Spin multiplicity:                     2
 z-component of spin:  1.0
 Spatial symmetry:                      7
 Convergence criterion:  1.0E-10
 Construction of occupation graphs...
 Number of                     0 -fold excitations:                      1
 Number of                     1 -fold excitations:                     88
 Number of                     2 -fold excitations:                   8873
 Number of                     3 -fold excitations:                 496442
 Number of                     4 -fold excitations:               14610752
 Number of                     5 -fold excitations:              226413226
 Number of                     6 -fold excitations:             1839143356
 Number of                     7 -fold excitations:             7305605080
 Number of                     8 -fold excitations:            10958090702
 Total number of configurations:            20344368520
 Calculation of coupling coefficients...
 Length of intermediate file (Mbytes):  390743.4
 
 ======================================================================
 
 Memory requirements /Mbyte/: 
               Minimal        Optimal
 Real*8:   28174477.5424  28174477.5424
 Integer:      2109.4171
 Total:    28176586.9595  28176586.9595
 

 ************************ 2024-11-11 22:33:44 *************************
 Executing goldstone...

 Generation of MRCC equations in terms of H and T...
 Generation of antisymmetrized Goldstone diagrams...
 Number of diagrams in T^1 equations:    15
 Number of diagrams in T^2 equations:    38
 Number of diagrams in T^3 equations:    54
 Number of diagrams in T^4 equations:    81
 Number of diagrams in T^5 equations:   106
 Number of diagrams in T^6 equations:   142
 Number of diagrams in T^7 equations:   175
 Number of diagrams in T^8 equations:   215
 Translation of diagrams to factorized equations...
 Number of restricted diagrams in T^1 equations:     30
 Number of restricted diagrams in T^2 equations:    129
 Number of restricted diagrams in T^3 equations:    306
 Number of restricted diagrams in T^4 equations:    674
 Number of restricted diagrams in T^5 equations:   1288
 Number of restricted diagrams in T^6 equations:   2347
 Number of restricted diagrams in T^7 equations:   3972
 Number of restricted diagrams in T^8 equations:   6459
 Optimizing intermediate calculation...
 Number of floating-point operations per iteration step:   5.2854E+16
 Probable CPU time per iteration step (hours): 528544.57
 Required memory (Mbytes):  128181.7
 Number of intermediates:                                2885
 Number of intermediates to be stored:                    841
 Length of intermediate file (Mbytes): 3206030.6

 ************************ 2024-11-11 22:33:49 *************************
 Executing xmrcc...

 **********************************************************************
 MRCC(                     8 ) calculation 
 
 
 Allocation of****** Mbytes of memory...
 Number of spinorbitals:                   118
 Number of alpha electrons:                        5
 Number of beta electrons:                         3
 Number of active particles:                    56
 Number of active holes:                         0
 Spin multiplicity:                     2
 z-component of spin:  1.0
 Spatial symmetry:                      7
 Convergence criterion:  1.0E-10
 Construction of occupation graphs...
 Number of                     0 -fold excitations:                      1
 Number of                     1 -fold excitations:                     88
 Number of                     2 -fold excitations:                   8873
 Number of                     3 -fold excitations:                 496442
 Number of                     4 -fold excitations:               14610752
 Number of                     5 -fold excitations:              226413226
 Number of                     6 -fold excitations:             1839143356
 Number of                     7 -fold excitations:             7305605080
 Number of                     8 -fold excitations:            10958090702
 Total number of configurations:            20344368520
 Calculation of coupling coefficients...
 Length of intermediate file (Mbytes): 2138272.2
 
 ======================================================================
 
 Memory requirements /Mbyte/: 
               Minimal        Optimal
 Real*8:      79777.0404     79777.0404
 Integer:      2261.7506
 Total:       82038.7910     82038.7910
 

 ************************ 2024-11-11 22:42:00 *************************
 Executing goldstone...

 Generation of MRCC equations in terms of H and T...
 Generation of antisymmetrized Goldstone diagrams...
 Number of diagrams in T^1 equations:    15
 Number of diagrams in T^2 equations:    34
 Number of diagrams in T^3 equations:     2
 Translation of diagrams to factorized equations...
 Number of restricted diagrams in T^1 equations:     78
 Number of restricted diagrams in T^2 equations:    299
 Number of restricted diagrams in T^3 equations:     18
 Optimizing intermediate calculation...
 Number of floating-point operations per iteration step:   2.6109E+08
 Probable CPU time per iteration step (hours):      0.00
 Required memory (Mbytes):    1209.6
 Number of intermediates:                                 239
 Number of intermediates to be stored:                    105
 Length of intermediate file (Mbytes):      23.8

 ************************ 2024-11-11 22:42:00 *************************
 Executing xmrcc...

 **********************************************************************
 MRCC(                     3 ) calculation 
 
 
 Allocation of****** Mbytes of memory...
 Number of spinorbitals:                   118
 Number of alpha electrons:                        5
 Number of beta electrons:                         3
 Number of active particles:                    56
 Number of active holes:                         0
 Spin multiplicity:                     2
 z-component of spin:  1.0
 Spatial symmetry:                      7
 Convergence criterion:  1.0E-10
 Construction of occupation graphs...
 Number of                     0 -fold excitations:                      1
 Number of                     1 -fold excitations:                     88
 Number of                     2 -fold excitations:                   8873
 Total number of configurations:                   8962
 Calculation of coupling coefficients...
 Length of intermediate file (Mbytes):      19.6
 
 ======================================================================
 
 Spin case  1   Alpha:  0   Beta:  3
 Number of excitations:                    398
 Spin case  2   Alpha:  1   Beta:  2
 Number of excitations:                  19938
 Spin case  3   Alpha:  2   Beta:  1
 Number of excitations:                  39904
 Spin case  4   Alpha:  3   Beta:  0
 Number of excitations:                   4124
 Spin case  5   Alpha:  0   Beta:  3
 Number of excitations:                   1309
 Spin case  6   Alpha:  1   Beta:  2
 Number of excitations:                  18515
 Spin case  7   Alpha:  1   Beta:  2
 Number of excitations:                  42032
 Spin case  8   Alpha:  2   Beta:  1
 Number of excitations:                  77272
 Spin case  9   Alpha:  2   Beta:  1
 Number of excitations:                  39994
 Spin case 10   Alpha:  3   Beta:  0
 Number of excitations:                  12198
 Spin case 11   Alpha:  0   Beta:  3
 Number of excitations:                   1346
 Spin case 12   Alpha:  1   Beta:  2
 Number of excitations:                  39093
 Spin case 13   Alpha:  1   Beta:  2
 Number of excitations:                  20283
 Spin case 14   Alpha:  2   Beta:  1
 Number of excitations:                  34348
 Spin case 15   Alpha:  2   Beta:  1
 Number of excitations:                  77432
 Spin case 16   Alpha:  3   Beta:  0
 Number of excitations:                  11274
 Spin case 17   Alpha:  0   Beta:  3
 Number of excitations:                    410
 Spin case 18   Alpha:  1   Beta:  2
 Number of excitations:                  18857
 Spin case 19   Alpha:  2   Beta:  1
 Number of excitations:                  34435
 Spin case 20   Alpha:  3   Beta:  0
 Number of excitations:                   3280
 Number of                     3 -fold excitations:                 496442
 
 Memory requirements /Mbyte/: 
               Minimal        Optimal
 Real*8:         52.2004        92.5584
 Integer:        17.6454
 Total:          69.8458       110.2038
 

 ************************ 2024-11-11 22:42:02 *************************
 Executing mrcc...

 **********************************************************************
 CCSD(T) calculation                                                    
 
 
 OpenMP parallel version is running.
 Number of CPU cores:   4
 Allocation of   92.6 Mbytes of memory...
 Number of spinorbitals: 118
 Number of alpha electrons:  5
 Number of beta  electrons:  3
 Number of active particles:                    56
 Number of active holes:                         0
 Spin multiplicity: 3
 z-component of spin:  1.0
 Spatial symmetry: 7
 Convergence criterion:  1.0E-10
 Construction of occupation graphs...
 Number of 0-fold excitations: 1
 Number of 1-fold excitations: 88
 Number of 2-fold excitations: 8873
 Total number of determinants: 8962
 Calculation of coupling coefficients...
 Initial cluster amplitudes are generated.
 Length of intermediate file (Mbytes):      19.6
 Reading integral list from unit 55...
 Sorting integrals...
 Sorting integrals...
 Sorting integrals...
 Sorting integrals...
 Energy of reference determinant [au]:     -74.813095620362
 Calculation of MP denominators...
 
 Starting CC iteration...
 ======================================================================
 Norm of residual vector:     2.76627888
 CPU time [min]:     0.290                   Wall time [min]:     0.162
 
 Iteration  1  CC energy:   -75.01482428  Energy decrease:   0.20172866
 ======================================================================
 Norm of residual vector:     0.16132092
 CPU time [min]:     0.371                   Wall time [min]:     0.183
 
 Iteration  2  CC energy:   -75.02895313  Energy decrease:   0.01412885
 ======================================================================
 Norm of residual vector:     0.03013478
 CPU time [min]:     0.452                   Wall time [min]:     0.203
 
 Iteration  3  CC energy:   -75.03166040  Energy decrease:   0.00270727
 ======================================================================
 Norm of residual vector:     0.00922699
 CPU time [min]:     0.533                   Wall time [min]:     0.223
 
 Iteration  4  CC energy:   -75.03191693  Energy decrease:   0.00025653
 ======================================================================
 Norm of residual vector:     0.00361567
 CPU time [min]:     0.614                   Wall time [min]:     0.243
 
 Iteration  5  CC energy:   -75.03189419  Energy decrease:   0.00002274
 ======================================================================
 Norm of residual vector:     0.00148010
 CPU time [min]:     0.695                   Wall time [min]:     0.264
 
 Iteration  6  CC energy:   -75.03192626  Energy decrease:   0.00003207
 ======================================================================
 Norm of residual vector:     0.00046559
 CPU time [min]:     0.776                   Wall time [min]:     0.284
 
 Iteration  7  CC energy:   -75.03192926  Energy decrease:   0.00000300
 ======================================================================
 Norm of residual vector:     0.00013911
 CPU time [min]:     0.857                   Wall time [min]:     0.304
 
 Iteration  8  CC energy:   -75.03192957  Energy decrease:   0.00000031
 ======================================================================
 Norm of residual vector:     0.00004273
 CPU time [min]:     0.938                   Wall time [min]:     0.324
 
 Iteration  9  CC energy:   -75.03192954  Energy decrease:   0.00000003
 ======================================================================
 Norm of residual vector:     0.00001307
 CPU time [min]:     1.021                   Wall time [min]:     0.345
 
 Iteration 10  CC energy:   -75.03192928  Energy decrease:   0.00000026
 ======================================================================
 Norm of residual vector:     0.00000266
 CPU time [min]:     1.102                   Wall time [min]:     0.365
 
 Iteration 11  CC energy:   -75.03192931  Energy decrease:   0.00000004
 ======================================================================
 Norm of residual vector:     0.00000070
 CPU time [min]:     1.184                   Wall time [min]:     0.386
 
 Iteration 12  CC energy:   -75.03192931  Energy decrease:   0.00000001
 ======================================================================
 Norm of residual vector:     0.00000017
 CPU time [min]:     1.265                   Wall time [min]:     0.406
 
 Iteration 13  CC energy:   -75.03192930  Energy decrease:   2.9643E-09
 ======================================================================
 Norm of residual vector:     0.00000005
 CPU time [min]:     1.347                   Wall time [min]:     0.427
 
 Iteration 14  CC energy:   -75.03192931  Energy decrease:   8.8804E-10
 ======================================================================
 Norm of residual vector:     0.00000001
 CPU time [min]:     1.429                   Wall time [min]:     0.447
 
 Iteration 15  CC energy:   -75.03192931  Energy decrease:   1.4100E-10
 ======================================================================
 Norm of residual vector:     4.1509E-09
 CPU time [min]:     1.510                   Wall time [min]:     0.467
 
 Iteration 16  CC energy:   -75.03192931  Energy decrease:   2.3107E-11
 ======================================================================
 Norm of residual vector:     9.9628E-10
 CPU time [min]:     1.592                   Wall time [min]:     0.488
 
 Iteration 17  CC energy:   -75.03192931  Energy decrease:   6.4944E-12
 ======================================================================
 Norm of residual vector:     2.4417E-10
 CPU time [min]:     1.674                   Wall time [min]:     0.508
 
 Iteration 18  CC energy:   -75.03192931  Energy decrease:   1.1369E-12
 ======================================================================
 Norm of residual vector:     6.7361E-11
 CPU time [min]:     1.755                   Wall time [min]:     0.529
 
 Iteration 19  CC energy:   -75.03192931  Energy decrease:   7.8160E-13
 ======================================================================
 
 Iteration has converged in 19 steps.
 
 Final results:
 Total CCSD energy [au]:                      -75.031929305302
 
 Perturbative corrections are calculated...
 ======================================================================
 Spin case  1   Alpha:  0   Beta:  3
 Number of excitations:        398
 CPU time [min]:     1.763                   Wall time [min]:     0.531
 ======================================================================
 Spin case  2   Alpha:  1   Beta:  2
 Number of excitations:        19938
 CPU time [min]:     1.776                   Wall time [min]:     0.534
 ======================================================================
 Spin case  3   Alpha:  2   Beta:  1
 Number of excitations:        39904
 CPU time [min]:     1.795                   Wall time [min]:     0.539
 ======================================================================
 Spin case  4   Alpha:  3   Beta:  0
 Number of excitations:        4124
 CPU time [min]:     1.800                   Wall time [min]:     0.540
 ======================================================================
 Spin case  5   Alpha:  0   Beta:  3
 Number of excitations:        1309
 CPU time [min]:     1.806                   Wall time [min]:     0.541
 ======================================================================
 Spin case  6   Alpha:  1   Beta:  2
 Number of excitations:        18515
 CPU time [min]:     1.821                   Wall time [min]:     0.545
 ======================================================================
 Spin case  7   Alpha:  1   Beta:  2
 Number of excitations:        42032
 CPU time [min]:     1.851                   Wall time [min]:     0.553
 ======================================================================
 Spin case  8   Alpha:  2   Beta:  1
 Number of excitations:        77272
 CPU time [min]:     1.890                   Wall time [min]:     0.563
 ======================================================================
 Spin case  9   Alpha:  2   Beta:  1
 Number of excitations:        39994
 CPU time [min]:     1.912                   Wall time [min]:     0.568
 ======================================================================
 Spin case 10   Alpha:  3   Beta:  0
 Number of excitations:        12198
 CPU time [min]:     1.923                   Wall time [min]:     0.571
 ======================================================================
 Spin case 11   Alpha:  0   Beta:  3
 Number of excitations:        1346
 CPU time [min]:     1.930                   Wall time [min]:     0.572
 ======================================================================
 Spin case 12   Alpha:  1   Beta:  2
 Number of excitations:        39093
 CPU time [min]:     1.957                   Wall time [min]:     0.579
 ======================================================================
 Spin case 13   Alpha:  1   Beta:  2
 Number of excitations:        20283
 CPU time [min]:     1.973                   Wall time [min]:     0.583
 ======================================================================
 Spin case 14   Alpha:  2   Beta:  1
 Number of excitations:        34348
 CPU time [min]:     1.992                   Wall time [min]:     0.588
 ======================================================================
 Spin case 15   Alpha:  2   Beta:  1
 Number of excitations:        77432
 CPU time [min]:     2.032                   Wall time [min]:     0.598
 ======================================================================
 Spin case 16   Alpha:  3   Beta:  0
 Number of excitations:        11274
 CPU time [min]:     2.044                   Wall time [min]:     0.601
 ======================================================================
 Spin case 17   Alpha:  0   Beta:  3
 Number of excitations:        410
 CPU time [min]:     2.046                   Wall time [min]:     0.602
 ======================================================================
 Spin case 18   Alpha:  1   Beta:  2
 Number of excitations:        18857
 CPU time [min]:     2.059                   Wall time [min]:     0.605
 ======================================================================
 Spin case 19   Alpha:  2   Beta:  1
 Number of excitations:        34435
 CPU time [min]:     2.078                   Wall time [min]:     0.609
 ======================================================================
 Spin case 20   Alpha:  3   Beta:  0
 Number of excitations:        3280
 CPU time [min]:     2.081                   Wall time [min]:     0.610
 ======================================================================
 Number of 3-fold excitations: 496442
 
 
 CPU time [min]:     2.082                   Wall time [min]:     0.610
 
 Total CCSD[T] energy [au]:                   -75.035847635998
 Total CCSD(T) energy [au]:                   -75.035772111840
 
 Dominant cluster amplitudes
 Printing threshold:  1.00E-02
 
    1.000000  Reference determinant                                     
   -0.010133  3a -> 9a                                                  
   -0.014099  3a 3b -> 17a 33b                                          
   -0.014471  3a 3b -> 33a 33b                                          
    0.014177  3a 2b -> 12a 4b                                           
    0.018769  3a 2b -> 28a 4b                                           
   -0.014501  4a 2b -> 11a 4b                                           
   -0.019298  4a 2b -> 26a 4b                                           
    0.010501  4a 2b -> 30a 4b                                           
   -0.010605  4a 3b -> 15a 33b                                          
   -0.010444  4a 3b -> 31a 33b                                          
    0.014501  5a 2b -> 10a 4b                                           
    0.019298  5a 2b -> 27a 4b                                           
   -0.010605  5a 3b -> 16a 33b                                          
   -0.010444  5a 3b -> 32a 33b                                          
   -0.010531  2b 3b -> 17b 18b                                          
    0.015527  2a 2b -> 18a 18b                                          
   -0.010719  3a 3b -> 14a 11b                                          
    0.010872  3a 3b -> 30a 11b                                          
   -0.011240  3a 3b -> 18a 18b                                          
    0.011136  3a 3b -> 14a 26b                                          
   -0.018966  3a 3b -> 30a 26b                                          
   -0.013070  3a 3b -> 9a 9b                                            
   -0.020897  3a 3b -> 17a 9b                                           
   -0.019714  3a 3b -> 9a 17b                                           
   -0.038251  3a 3b -> 17a 17b                                          
   -0.014532  3a 3b -> 33a 17b                                          
    0.010071  2a 2b -> 15a 8b                                           
    0.010976  2a 2b -> 15a 15b                                          
    0.014767  3a 3b -> 28a 28b                                          
    0.010071  2a 2b -> 16a 7b                                           
    0.010976  2a 2b -> 16a 16b                                          
    0.014767  3a 3b -> 29a 29b                                          
   -0.010361  2a 3b -> 18a 9b                                           
    0.012780  2a 3b -> 6a 17b                                           
   -0.020960  2a 3b -> 18a 17b                                          
    0.010274  3a 2b -> 18a 17b                                          
   -0.012913  3a 2b -> 17a 6b                                           
    0.020539  3a 2b -> 17a 18b                                          
    0.012187  3a 2b -> 12a 8b                                           
    0.017488  3a 2b -> 28a 8b                                           
    0.010003  3a 2b -> 28a 15b                                          
    0.014177  3a 2b -> 13a 5b                                           
    0.018769  3a 2b -> 29a 5b                                           
    0.012187  3a 2b -> 13a 7b                                           
    0.017488  3a 2b -> 29a 7b                                           
    0.010003  3a 2b -> 29a 16b                                          
   -0.012560  4a 2b -> 11a 8b                                           
   -0.017991  4a 2b -> 26a 8b                                           
    0.011783  4a 2b -> 18a 15b                                          
   -0.010367  4a 2b -> 26a 15b                                          
   -0.012344  4a 2b -> 15a 6b                                           
    0.019813  4a 2b -> 15a 18b                                          
    0.014501  4a 2b -> 10a 5b                                           
    0.019298  4a 2b -> 27a 5b                                           
    0.012560  4a 2b -> 10a 7b                                           
    0.017991  4a 2b -> 27a 7b                                           
    0.010367  4a 2b -> 27a 16b                                          
   -0.010184  4a 3b -> 26a 28b                                          
   -0.015197  4a 3b -> 15a 9b                                           
   -0.013348  4a 3b -> 8a 17b                                           
   -0.026826  4a 3b -> 15a 17b                                          
   -0.011472  4a 3b -> 31a 17b                                          
    0.010185  4a 3b -> 28a 26b                                          
    0.010184  4a 3b -> 27a 29b                                          
    0.014501  5a 2b -> 11a 5b                                           
    0.019298  5a 2b -> 26a 5b                                           
    0.010501  5a 2b -> 30a 5b                                           
    0.012560  5a 2b -> 11a 7b                                           
    0.017991  5a 2b -> 26a 7b                                           
    0.011783  5a 2b -> 18a 16b                                          
    0.010367  5a 2b -> 26a 16b                                          
   -0.012344  5a 2b -> 16a 6b                                           
    0.019813  5a 2b -> 16a 18b                                          
    0.012560  5a 2b -> 10a 8b                                           
    0.017991  5a 2b -> 27a 8b                                           
    0.010367  5a 2b -> 27a 15b                                          
    0.010184  5a 3b -> 26a 29b                                          
   -0.015197  5a 3b -> 16a 9b                                           
   -0.013348  5a 3b -> 7a 17b                                           
   -0.026826  5a 3b -> 16a 17b                                          
   -0.011472  5a 3b -> 32a 17b                                          
    0.010185  5a 3b -> 29a 26b                                          
    0.010184  5a 3b -> 27a 28b                                          
    0.011263  2a 3a -> 17a 18a                                          
    0.011101  2a 4a -> 15a 18a                                          
   -0.010989  3a 4a -> 9a 15a                                           
    0.010246  3a 4a -> 8a 17a                                           
    0.020344  3a 4a -> 15a 17a                                          
   -0.013302  3a 4a -> 28a 30a                                          
    0.011101  2a 5a -> 16a 18a                                          
   -0.010989  3a 5a -> 9a 16a                                           
    0.010246  3a 5a -> 7a 17a                                           
    0.020344  3a 5a -> 16a 17a                                          
   -0.013302  3a 5a -> 29a 30a                                          
    0.010041  4a 5a -> 7a 15a                                           
   -0.010041  4a 5a -> 8a 16a                                           
   -0.020135  4a 5a -> 15a 16a                                          
    0.014630  4a 5a -> 26a 27a                                          

 ************************ 2024-11-11 22:42:39 *************************
 Executing goldstone...

 Generation of MRCC equations in terms of H and T...
 Generation of antisymmetrized Goldstone diagrams...
 Number of diagrams in T^1 equations:    15
 Number of diagrams in T^2 equations:    38
 Number of diagrams in T^3 equations:    50
 Number of diagrams in T^4 equations:     5
 Translation of diagrams to factorized equations...
 Number of restricted diagrams in T^1 equations:     78
 Number of restricted diagrams in T^2 equations:    344
 Number of restricted diagrams in T^3 equations:    830
 Number of restricted diagrams in T^4 equations:     86
 Optimizing intermediate calculation...
 Number of floating-point operations per iteration step:   3.8124E+10
 Probable CPU time per iteration step (hours):      0.38
 Required memory (Mbytes):    1209.6
 Number of intermediates:                                 534
 Number of intermediates to be stored:                    212
 Length of intermediate file (Mbytes):      60.0

 ************************ 2024-11-11 22:42:40 *************************
 Executing xmrcc...

 **********************************************************************
 MRCC(                     4 ) calculation 
 
 
 Allocation of****** Mbytes of memory...
 Number of spinorbitals:                   118
 Number of alpha electrons:                        5
 Number of beta electrons:                         3
 Number of active particles:                    56
 Number of active holes:                         0
 Spin multiplicity:                     2
 z-component of spin:  1.0
 Spatial symmetry:                      7
 Convergence criterion:  1.0E-10
 Construction of occupation graphs...
 Number of                     0 -fold excitations:                      1
 Number of                     1 -fold excitations:                     88
 Number of                     2 -fold excitations:                   8873
 Number of                     3 -fold excitations:                 496442
 Total number of configurations:                 505404
 Calculation of coupling coefficients...
 Length of intermediate file (Mbytes):      47.8
 
 ======================================================================
 
 Spin case  1   Alpha:  1   Beta:  3
 Number of excitations:                  57008
 Spin case  2   Alpha:  2   Beta:  2
 Number of excitations:                 535924
 Spin case  3   Alpha:  3   Beta:  1
 Number of excitations:                 344248
 Spin case  4   Alpha:  4   Beta:  0
 Number of excitations:                  13016
 Spin case  5   Alpha:  1   Beta:  3
 Number of excitations:                  52948
 Spin case  6   Alpha:  1   Beta:  3
 Number of excitations:                 184902
 Spin case  7   Alpha:  2   Beta:  2
 Number of excitations:                1032420
 Spin case  8   Alpha:  2   Beta:  2
 Number of excitations:                1112580
 Spin case  9   Alpha:  3   Beta:  1
 Number of excitations:                1030040
 Spin case 10   Alpha:  3   Beta:  1
 Number of excitations:                 344330
 Spin case 11   Alpha:  4   Beta:  0
 Number of excitations:                  53451
 Spin case 12   Alpha:  1   Beta:  3
 Number of excitations:                 171679
 Spin case 13   Alpha:  1   Beta:  3
 Number of excitations:                 185736
 Spin case 14   Alpha:  2   Beta:  2
 Number of excitations:                 460822
 Spin case 15   Alpha:  2   Beta:  2
 Number of excitations:                2144992
 Spin case 16   Alpha:  2   Beta:  2
 Number of excitations:                 536446
 Spin case 17   Alpha:  3   Beta:  1
 Number of excitations:                 953472
 Spin case 18   Alpha:  3   Beta:  1
 Number of excitations:                1029764
 Spin case 19   Alpha:  4   Beta:  0
 Number of excitations:                  76464
 Spin case 20   Alpha:  1   Beta:  3
 Number of excitations:                 172543
 Spin case 21   Alpha:  1   Beta:  3
 Number of excitations:                  57407
 Spin case 22   Alpha:  2   Beta:  2
 Number of excitations:                 956828
 Spin case 23   Alpha:  2   Beta:  2
 Number of excitations:                1034244
 Spin case 24   Alpha:  3   Beta:  1
 Number of excitations:                 273184
 Spin case 25   Alpha:  3   Beta:  1
 Number of excitations:                 953118
 Spin case 26   Alpha:  4   Beta:  0
 Number of excitations:                  45644
 Spin case 27   Alpha:  1   Beta:  3
 Number of excitations:                  53325
 Spin case 28   Alpha:  2   Beta:  2
 Number of excitations:                 461383
 Spin case 29   Alpha:  3   Beta:  1
 Number of excitations:                 273296
 Spin case 30   Alpha:  4   Beta:  0
 Number of excitations:                   9538
 Number of                     4 -fold excitations:               14610752
 
 Memory requirements /Mbyte/: 
               Minimal        Optimal
 Real*8:        223.9523       223.9523
 Integer:       138.8327
 Total:         362.7850       362.7850
 

 ************************ 2024-11-11 22:42:59 *************************
 Executing mrcc...

 **********************************************************************
 CCSDT(Q) calculation                                                   
 
 
 OpenMP parallel version is running.
 Number of CPU cores:   4
 Allocation of  224.0 Mbytes of memory...
 Number of spinorbitals: 118
 Number of alpha electrons:  5
 Number of beta  electrons:  3
 Number of active particles:                    56
 Number of active holes:                         0
 Spin multiplicity: 3
 z-component of spin:  1.0
 Spatial symmetry: 7
 Convergence criterion:  1.0E-10
 Construction of occupation graphs...
 Number of 0-fold excitations: 1
 Number of 1-fold excitations: 88
 Number of 2-fold excitations: 8873
 Number of 3-fold excitations: 496442
 Total number of determinants: 505404
 Calculation of coupling coefficients...
 Initial cluster amplitudes are read from unit 16.
 Length of intermediate file (Mbytes):      47.8
 Reading integral list from unit 55...
 Sorting integrals...
 Sorting integrals...
 Sorting integrals...
 Sorting integrals...
 Energy of reference determinant [au]:     -74.813095620362
 Calculation of MP denominators...
 
 Starting CC iteration...
 ======================================================================
 Norm of residual vector:     0.24030464
 CPU time [min]:     1.485                   Wall time [min]:     0.465
 
 Iteration  1  CC energy:   -75.03192931  Energy decrease:   1.7053E-13
 ======================================================================
 Norm of residual vector:     0.03250952
 CPU time [min]:     2.123                   Wall time [min]:     0.626
 
 Iteration  2  CC energy:   -75.03515706  Energy decrease:   0.00322776
 ======================================================================
 Norm of residual vector:     0.01142747
 CPU time [min]:     2.764                   Wall time [min]:     0.787
 
 Iteration  3  CC energy:   -75.03590616  Energy decrease:   0.00074910
 ======================================================================
 Norm of residual vector:     0.00336638
 CPU time [min]:     3.412                   Wall time [min]:     0.951
 
 Iteration  4  CC energy:   -75.03605486  Energy decrease:   0.00014869
 ======================================================================
 Norm of residual vector:     0.00158329
 CPU time [min]:     4.063                   Wall time [min]:     1.115
 
 Iteration  5  CC energy:   -75.03610821  Energy decrease:   0.00005335
 ======================================================================
 Norm of residual vector:     0.00082137
 CPU time [min]:     4.717                   Wall time [min]:     1.280
 
 Iteration  6  CC energy:   -75.03612080  Energy decrease:   0.00001259
 ======================================================================
 Norm of residual vector:     0.00038927
 CPU time [min]:     5.375                   Wall time [min]:     1.446
 
 Iteration  7  CC energy:   -75.03611950  Energy decrease:   0.00000130
 ======================================================================
 Norm of residual vector:     0.00014582
 CPU time [min]:     6.036                   Wall time [min]:     1.613
 
 Iteration  8  CC energy:   -75.03612082  Energy decrease:   0.00000132
 ======================================================================
 Norm of residual vector:     0.00005032
 CPU time [min]:     6.701                   Wall time [min]:     1.781
 
 Iteration  9  CC energy:   -75.03612088  Energy decrease:   0.00000006
 ======================================================================
 Norm of residual vector:     0.00002037
 CPU time [min]:     7.370                   Wall time [min]:     1.950
 
 Iteration 10  CC energy:   -75.03612054  Energy decrease:   0.00000034
 ======================================================================
 Norm of residual vector:     0.00000804
 CPU time [min]:     8.042                   Wall time [min]:     2.120
 
 Iteration 11  CC energy:   -75.03612055  Energy decrease:   0.00000001
 ======================================================================
 Norm of residual vector:     0.00000273
 CPU time [min]:     8.719                   Wall time [min]:     2.291
 
 Iteration 12  CC energy:   -75.03612057  Energy decrease:   0.00000002
 ======================================================================
 Norm of residual vector:     0.00000097
 CPU time [min]:     9.399                   Wall time [min]:     2.462
 
 Iteration 13  CC energy:   -75.03612056  Energy decrease:   0.00000001
 ======================================================================
 Norm of residual vector:     0.00000036
 CPU time [min]:    10.082                   Wall time [min]:     2.635
 
 Iteration 14  CC energy:   -75.03612056  Energy decrease:   2.4831E-09
 ======================================================================
 Norm of residual vector:     0.00000015
 CPU time [min]:    10.769                   Wall time [min]:     2.808
 
 Iteration 15  CC energy:   -75.03612056  Energy decrease:   2.4332E-09
 ======================================================================
 Norm of residual vector:     0.00000005
 CPU time [min]:    11.459                   Wall time [min]:     2.982
 
 Iteration 16  CC energy:   -75.03612056  Energy decrease:   6.6592E-10
 ======================================================================
 Norm of residual vector:     0.00000002
 CPU time [min]:    12.153                   Wall time [min]:     3.157
 
 Iteration 17  CC energy:   -75.03612056  Energy decrease:   8.0860E-11
 ======================================================================
 Norm of residual vector:     0.00000001
 CPU time [min]:    12.850                   Wall time [min]:     3.333
 
 Iteration 18  CC energy:   -75.03612056  Energy decrease:   1.8943E-11
 ======================================================================
 Norm of residual vector:     1.7457E-09
 CPU time [min]:    13.523                   Wall time [min]:     3.501
 
 Iteration 19  CC energy:   -75.03612056  Energy decrease:   4.0075E-12
 ======================================================================
 Norm of residual vector:     6.1405E-10
 CPU time [min]:    14.197                   Wall time [min]:     3.670
 
 Iteration 20  CC energy:   -75.03612056  Energy decrease:   6.8212E-13
 ======================================================================
 Norm of residual vector:     2.1550E-10
 CPU time [min]:    14.875                   Wall time [min]:     3.840
 
 Iteration 21  CC energy:   -75.03612056  Energy decrease:   2.8990E-12
 ======================================================================
 Norm of residual vector:     7.2200E-11
 CPU time [min]:    15.551                   Wall time [min]:     4.009
 
 Iteration 22  CC energy:   -75.03612056  Energy decrease:   1.0374E-12
 ======================================================================
 
 Iteration has converged in 22 steps.
 
 Final results:
 Total CCSDT energy [au]:                     -75.036120559139
 
 Perturbative corrections are calculated...
 ======================================================================
 Spin case  1   Alpha:  1   Beta:  3
 Number of excitations:        57008
 CPU time [min]:    16.141                   Wall time [min]:     4.158
 ======================================================================
 Spin case  2   Alpha:  2   Beta:  2
 Number of excitations:        535924
 CPU time [min]:    17.537                   Wall time [min]:     4.508
 ======================================================================
 Spin case  3   Alpha:  3   Beta:  1
 Number of excitations:        344248
 CPU time [min]:    18.447                   Wall time [min]:     4.736
 ======================================================================
 Spin case  4   Alpha:  4   Beta:  0
 Number of excitations:        13016
 CPU time [min]:    18.542                   Wall time [min]:     4.760
 ======================================================================
 Spin case  5   Alpha:  1   Beta:  3
 Number of excitations:        52948
 CPU time [min]:    18.977                   Wall time [min]:     4.868
 ======================================================================
 Spin case  6   Alpha:  1   Beta:  3
 Number of excitations:        184902
 CPU time [min]:    20.606                   Wall time [min]:     5.278
 ======================================================================
 Spin case  7   Alpha:  2   Beta:  2
 Number of excitations:        1032420
 CPU time [min]:    23.122                   Wall time [min]:     5.913
 ======================================================================
 Spin case  8   Alpha:  2   Beta:  2
 Number of excitations:        1112580
 CPU time [min]:    25.868                   Wall time [min]:     6.602
 ======================================================================
 Spin case  9   Alpha:  3   Beta:  1
 Number of excitations:        1030040
 CPU time [min]:    28.507                   Wall time [min]:     7.265
 ======================================================================
 Spin case 10   Alpha:  3   Beta:  1
 Number of excitations:        344330
 CPU time [min]:    29.374                   Wall time [min]:     7.482
 ======================================================================
 Spin case 11   Alpha:  4   Beta:  0
 Number of excitations:        53451
 CPU time [min]:    29.740                   Wall time [min]:     7.574
 ======================================================================
 Spin case 12   Alpha:  1   Beta:  3
 Number of excitations:        171679
 CPU time [min]:    31.253                   Wall time [min]:     7.959
 ======================================================================
 Spin case 13   Alpha:  1   Beta:  3
 Number of excitations:        185736
 CPU time [min]:    32.720                   Wall time [min]:     8.326
 ======================================================================
 Spin case 14   Alpha:  2   Beta:  2
 Number of excitations:        460822
 CPU time [min]:    33.845                   Wall time [min]:     8.610
 ======================================================================
 Spin case 15   Alpha:  2   Beta:  2
 Number of excitations:        2144992
 CPU time [min]:    39.191                   Wall time [min]:     9.960
 ======================================================================
 Spin case 16   Alpha:  2   Beta:  2
 Number of excitations:        536446
 CPU time [min]:    40.412                   Wall time [min]:    10.267
 ======================================================================
 Spin case 17   Alpha:  3   Beta:  1
 Number of excitations:        953472
 CPU time [min]:    42.794                   Wall time [min]:    10.867
 ======================================================================
 Spin case 18   Alpha:  3   Beta:  1
 Number of excitations:        1029764
 CPU time [min]:    45.367                   Wall time [min]:    11.517
 ======================================================================
 Spin case 19   Alpha:  4   Beta:  0
 Number of excitations:        76464
 CPU time [min]:    45.876                   Wall time [min]:    11.645
 ======================================================================
 Spin case 20   Alpha:  1   Beta:  3
 Number of excitations:        172543
 CPU time [min]:    47.371                   Wall time [min]:    12.020
 ======================================================================
 Spin case 21   Alpha:  1   Beta:  3
 Number of excitations:        57407
 CPU time [min]:    47.833                   Wall time [min]:    12.136
 ======================================================================
 Spin case 22   Alpha:  2   Beta:  2
 Number of excitations:        956828
 CPU time [min]:    50.231                   Wall time [min]:    12.741
 ======================================================================
 Spin case 23   Alpha:  2   Beta:  2
 Number of excitations:        1034244
 CPU time [min]:    52.753                   Wall time [min]:    13.378
 ======================================================================
 Spin case 24   Alpha:  3   Beta:  1
 Number of excitations:        273184
 CPU time [min]:    53.451                   Wall time [min]:    13.552
 ======================================================================
 Spin case 25   Alpha:  3   Beta:  1
 Number of excitations:        953118
 CPU time [min]:    55.902                   Wall time [min]:    14.172
 ======================================================================
 Spin case 26   Alpha:  4   Beta:  0
 Number of excitations:        45644
 CPU time [min]:    56.216                   Wall time [min]:    14.251
 ======================================================================
 Spin case 27   Alpha:  1   Beta:  3
 Number of excitations:        53325
 CPU time [min]:    56.698                   Wall time [min]:    14.371
 ======================================================================
 Spin case 28   Alpha:  2   Beta:  2
 Number of excitations:        461383
 CPU time [min]:    57.889                   Wall time [min]:    14.670
 ======================================================================
 Spin case 29   Alpha:  3   Beta:  1
 Number of excitations:        273296
 CPU time [min]:    58.611                   Wall time [min]:    14.851
 ======================================================================
 Spin case 30   Alpha:  4   Beta:  0
 Number of excitations:        9538
 CPU time [min]:    58.680                   Wall time [min]:    14.868
 ======================================================================
 Number of 4-fold excitations: 14610752
 
 T_2^+ contribution [au]:                       0.000010664913
 T_3^+ contribution [au]:                      -0.000090353815
 T_1^+ * T_2^+ contribution [au]:               0.000007087566
 T_1^+ * <ab||ij> contribution [au]:            0.000004297617
 T_2^+ * f_ai contribution [au]:                0.000000000000
 
 CPU time [min]:    58.717                   Wall time [min]:    14.877
 
 Total CCSDT[Q] energy [au]:                  -75.036109894226
 Total CCSDT(Q)/A energy [au]:                -75.036193160475
 Total CCSDT(Q)/B energy [au]:                -75.036195950424
 
 Dominant cluster amplitudes
 Printing threshold:  1.00E-02
 
    1.000000  Reference determinant                                     
   -0.010545  3a -> 9a                                                  
   -0.014199  3a 3b -> 17a 33b                                          
   -0.014694  3a 3b -> 33a 33b                                          
    0.015308  3a 2b -> 12a 4b                                           
    0.019407  3a 2b -> 28a 4b                                           
   -0.015529  4a 2b -> 11a 4b                                           
   -0.019882  4a 2b -> 26a 4b                                           
    0.010821  4a 2b -> 30a 4b                                           
   -0.011362  4a 3b -> 9a 4b                                            
   -0.010702  4a 3b -> 15a 33b                                          
   -0.010650  4a 3b -> 31a 33b                                          
    0.015529  5a 2b -> 10a 4b                                           
    0.019882  5a 2b -> 27a 4b                                           
   -0.010702  5a 3b -> 16a 33b                                          
   -0.010650  5a 3b -> 32a 33b                                          
   -0.011098  2b 3b -> 17b 18b                                          
    0.015766  2a 2b -> 18a 18b                                          
   -0.011434  3a 3b -> 14a 11b                                          
    0.011231  3a 3b -> 30a 11b                                          
   -0.011471  3a 3b -> 18a 18b                                          
    0.011483  3a 3b -> 14a 26b                                          
   -0.019268  3a 3b -> 30a 26b                                          
   -0.014595  3a 3b -> 9a 9b                                            
   -0.022196  3a 3b -> 17a 9b                                           
   -0.020985  3a 3b -> 9a 17b                                           
   -0.039553  3a 3b -> 17a 17b                                          
   -0.014644  3a 3b -> 33a 17b                                          
    0.010413  2a 2b -> 15a 8b                                           
    0.011240  2a 2b -> 15a 15b                                          
    0.014952  3a 3b -> 28a 28b                                          
    0.010413  2a 2b -> 16a 7b                                           
    0.011240  2a 2b -> 16a 16b                                          
    0.014952  3a 3b -> 29a 29b                                          
   -0.010750  2a 3b -> 18a 9b                                           
    0.013314  2a 3b -> 6a 17b                                           
   -0.021415  2a 3b -> 18a 17b                                          
    0.010364  3a 2b -> 18a 17b                                          
   -0.013598  3a 2b -> 17a 6b                                           
    0.021172  3a 2b -> 17a 18b                                          
    0.013054  3a 2b -> 12a 8b                                           
    0.018047  3a 2b -> 28a 8b                                           
    0.010266  3a 2b -> 28a 15b                                          
    0.015308  3a 2b -> 13a 5b                                           
    0.019407  3a 2b -> 29a 5b                                           
    0.013054  3a 2b -> 13a 7b                                           
    0.018047  3a 2b -> 29a 7b                                           
    0.010266  3a 2b -> 29a 16b                                          
   -0.013339  4a 2b -> 11a 8b                                           
   -0.018496  4a 2b -> 26a 8b                                           
    0.010047  4a 2b -> 30a 8b                                           
    0.012135  4a 2b -> 18a 15b                                          
   -0.010583  4a 2b -> 26a 15b                                          
   -0.013030  4a 2b -> 15a 6b                                           
    0.020438  4a 2b -> 15a 18b                                          
    0.015529  4a 2b -> 10a 5b                                           
    0.019882  4a 2b -> 27a 5b                                           
    0.013339  4a 2b -> 10a 7b                                           
    0.018496  4a 2b -> 27a 7b                                           
    0.010583  4a 2b -> 27a 16b                                          
   -0.010354  4a 3b -> 26a 28b                                          
   -0.010934  4a 3b -> 9a 8b                                            
   -0.010215  4a 3b -> 8a 9b                                            
   -0.016423  4a 3b -> 15a 9b                                           
   -0.014380  4a 3b -> 8a 17b                                           
   -0.028052  4a 3b -> 15a 17b                                          
   -0.011602  4a 3b -> 31a 17b                                          
    0.010421  4a 3b -> 28a 26b                                          
    0.010354  4a 3b -> 27a 29b                                          
    0.015529  5a 2b -> 11a 5b                                           
    0.019882  5a 2b -> 26a 5b                                           
    0.010821  5a 2b -> 30a 5b                                           
    0.013339  5a 2b -> 11a 7b                                           
    0.018496  5a 2b -> 26a 7b                                           
    0.010047  5a 2b -> 30a 7b                                           
    0.012135  5a 2b -> 18a 16b                                          
    0.010583  5a 2b -> 26a 16b                                          
   -0.013030  5a 2b -> 16a 6b                                           
    0.020438  5a 2b -> 16a 18b                                          
    0.013339  5a 2b -> 10a 8b                                           
    0.018496  5a 2b -> 27a 8b                                           
    0.010583  5a 2b -> 27a 15b                                          
    0.010354  5a 3b -> 26a 29b                                          
   -0.011362  5a 3b -> 9a 5b                                            
   -0.010934  5a 3b -> 9a 7b                                            
   -0.010215  5a 3b -> 7a 9b                                            
   -0.016423  5a 3b -> 16a 9b                                           
   -0.014380  5a 3b -> 7a 17b                                           
   -0.028052  5a 3b -> 16a 17b                                          
   -0.011602  5a 3b -> 32a 17b                                          
    0.010421  5a 3b -> 29a 26b                                          
    0.010354  5a 3b -> 27a 28b                                          
    0.011582  2a 3a -> 17a 18a                                          
    0.011429  2a 4a -> 15a 18a                                          
   -0.012092  3a 4a -> 9a 15a                                           
    0.011206  3a 4a -> 8a 17a                                           
    0.021517  3a 4a -> 15a 17a                                          
   -0.013592  3a 4a -> 28a 30a                                          
    0.011429  2a 5a -> 16a 18a                                          
   -0.012092  3a 5a -> 9a 16a                                           
    0.011206  3a 5a -> 7a 17a                                           
    0.021517  3a 5a -> 16a 17a                                          
   -0.013592  3a 5a -> 29a 30a                                          
    0.010868  4a 5a -> 7a 15a                                           
   -0.010868  4a 5a -> 8a 16a                                           
   -0.021134  4a 5a -> 15a 16a                                          
    0.014939  4a 5a -> 26a 27a                                          

 ************************ 2024-11-11 22:57:52 *************************
 Executing goldstone...

 Generation of MRCC equations in terms of H and T...
 Generation of antisymmetrized Goldstone diagrams...
 Number of diagrams in T^1 equations:    15
 Number of diagrams in T^2 equations:    38
 Number of diagrams in T^3 equations:    54
 Number of diagrams in T^4 equations:    77
 Number of diagrams in T^5 equations:     8
 Translation of diagrams to factorized equations...
 Number of restricted diagrams in T^1 equations:     78
 Number of restricted diagrams in T^2 equations:    344
 Number of restricted diagrams in T^3 equations:    892
 Number of restricted diagrams in T^4 equations:   1956
 Number of restricted diagrams in T^5 equations:    270
 Optimizing intermediate calculation...
 Number of floating-point operations per iteration step:   2.1419E+12
 Probable CPU time per iteration step (hours):     21.42
 Required memory (Mbytes):    2118.5
 Number of intermediates:                                 979
 Number of intermediates to be stored:                    397
 Length of intermediate file (Mbytes):    2678.6

 ************************ 2024-11-11 22:58:06 *************************
 Executing xmrcc...

 **********************************************************************
 MRCC(                     5 ) calculation 
 
 
 Allocation of****** Mbytes of memory...
 Number of spinorbitals:                   118
 Number of alpha electrons:                        5
 Number of beta electrons:                         3
 Number of active particles:                    56
 Number of active holes:                         0
 Spin multiplicity:                     2
 z-component of spin:  1.0
 Spatial symmetry:                      7
 Convergence criterion:  1.0E-10
 Construction of occupation graphs...
 Number of                     0 -fold excitations:                      1
 Number of                     1 -fold excitations:                     88
 Number of                     2 -fold excitations:                   8873
 Number of                     3 -fold excitations:                 496442
 Number of                     4 -fold excitations:               14610752
 Total number of configurations:               15116156
 Calculation of coupling coefficients...
 Length of intermediate file (Mbytes):    1699.7
 
 ======================================================================
 
 Spin case  1   Alpha:  2   Beta:  3
 Number of excitations:                1547576
 Spin case  2   Alpha:  3   Beta:  2
 Number of excitations:                4643976
 Spin case  3   Alpha:  4   Beta:  1
 Number of excitations:                1078112
 Spin case  4   Alpha:  5   Beta:  0
 Number of excitations:                  12366
 Spin case  5   Alpha:  2   Beta:  3
 Number of excitations:                2979560
 Spin case  6   Alpha:  2   Beta:  3
 Number of excitations:                5000468
 Spin case  7   Alpha:  3   Beta:  2
 Number of excitations:               13930040
 Spin case  8   Alpha:  3   Beta:  2
 Number of excitations:                9633104
 Spin case  9   Alpha:  4   Beta:  1
 Number of excitations:                4475484
 Spin case 10   Alpha:  4   Beta:  1
 Number of excitations:                1078866
 Spin case 11   Alpha:  5   Beta:  0
 Number of excitations:                  67107
 Spin case 12   Alpha:  2   Beta:  3
 Number of excitations:                1330400
 Spin case 13   Alpha:  2   Beta:  3
 Number of excitations:                9629776
 Spin case 14   Alpha:  2   Beta:  3
 Number of excitations:                5001860
 Spin case 15   Alpha:  3   Beta:  2
 Number of excitations:               12898188
 Spin case 16   Alpha:  3   Beta:  2
 Number of excitations:               28883724
 Spin case 17   Alpha:  3   Beta:  2
 Number of excitations:                4644726
 Spin case 18   Alpha:  4   Beta:  1
 Number of excitations:                6442840
 Spin case 19   Alpha:  4   Beta:  1
 Number of excitations:                4476204
 Spin case 20   Alpha:  5   Beta:  0
 Number of excitations:                 133330
 Spin case 21   Alpha:  2   Beta:  3
 Number of excitations:                4299228
 Spin case 22   Alpha:  2   Beta:  3
 Number of excitations:                9634320
 Spin case 23   Alpha:  2   Beta:  3
 Number of excitations:                1548006
 Spin case 24   Alpha:  3   Beta:  2
 Number of excitations:                3685560
 Spin case 25   Alpha:  3   Beta:  2
 Number of excitations:               26742800
 Spin case 26   Alpha:  3   Beta:  2
 Number of excitations:               13925936
 Spin case 27   Alpha:  4   Beta:  1
 Number of excitations:                3824496
 Spin case 28   Alpha:  4   Beta:  1
 Number of excitations:                6441808
 Spin case 29   Alpha:  5   Beta:  0
 Number of excitations:                 123084
 Spin case 30   Alpha:  2   Beta:  3
 Number of excitations:                4300592
 Spin case 31   Alpha:  2   Beta:  3
 Number of excitations:                2981640
 Spin case 32   Alpha:  3   Beta:  2
 Number of excitations:                7645096
 Spin case 33   Alpha:  3   Beta:  2
 Number of excitations:               12893934
 Spin case 34   Alpha:  4   Beta:  1
 Number of excitations:                 787656
 Spin case 35   Alpha:  4   Beta:  1
 Number of excitations:                3824976
 Spin case 36   Alpha:  5   Beta:  0
 Number of excitations:                  52802
 Spin case 37   Alpha:  2   Beta:  3
 Number of excitations:                1330933
 Spin case 38   Alpha:  3   Beta:  2
 Number of excitations:                3686016
 Spin case 39   Alpha:  4   Beta:  1
 Number of excitations:                 788304
 Spin case 40   Alpha:  5   Beta:  0
 Number of excitations:                   8332
 Number of                     5 -fold excitations:              226413226
 
 Memory requirements /Mbyte/: 
               Minimal        Optimal
 Real*8:        836.3663       836.3663
 Integer:      2126.1466
 Total:        2962.5129      2962.5129
 

 ************************ 2024-11-11 23:01:24 *************************
 Executing mrcc...

 **********************************************************************
 CCSDTQ(P) calculation                                                  
 
 
 OpenMP parallel version is running.
 Number of CPU cores:   4
 Allocation of  836.4 Mbytes of memory...
 Number of spinorbitals: 118
 Number of alpha electrons:  5
 Number of beta  electrons:  3
 Number of active particles:                    56
 Number of active holes:                         0
 Spin multiplicity: 3
 z-component of spin:  1.0
 Spatial symmetry: 7
 Convergence criterion:  1.0E-10
 Construction of occupation graphs...
 Number of 0-fold excitations: 1
 Number of 1-fold excitations: 88
 Number of 2-fold excitations: 8873
 Number of 3-fold excitations: 496442
 Number of 4-fold excitations: 14610752
 Total number of determinants: 15116156
 Calculation of coupling coefficients...
 Initial cluster amplitudes are read from unit 16.
 Length of intermediate file (Mbytes):    1699.7
 Reading integral list from unit 55...
 Sorting integrals...
 Sorting integrals...
 Sorting integrals...
 Sorting integrals...
 Energy of reference determinant [au]:     -74.813095620362
 Calculation of MP denominators...
 
 Starting CC iteration...
 ======================================================================
 Norm of residual vector:     0.04008820
 CPU time [min]:    37.214                   Wall time [min]:     9.656
 
 Iteration  1  CC energy:   -75.03612056  Energy decrease:   3.2685E-13
 ======================================================================
 Norm of residual vector:     0.00638691
 CPU time [min]:    64.696                   Wall time [min]:    16.625
 
 Iteration  2  CC energy:   -75.03609283  Energy decrease:   0.00002773
 ======================================================================
 Norm of residual vector:     0.00224217
 CPU time [min]:    92.429                   Wall time [min]:    23.658
 
 Iteration  3  CC energy:   -75.03616019  Energy decrease:   0.00006736
 ======================================================================
 Norm of residual vector:     0.00073317
 CPU time [min]:   120.636                   Wall time [min]:    30.858
 
 Iteration  4  CC energy:   -75.03619362  Energy decrease:   0.00003343
 ======================================================================
 Norm of residual vector:     0.00022113
 CPU time [min]:   148.222                   Wall time [min]:    37.860
 
 Iteration  5  CC energy:   -75.03619656  Energy decrease:   0.00000294
 ======================================================================
 Norm of residual vector:     0.00009645
 CPU time [min]:   176.267                   Wall time [min]:    44.969
 
 Iteration  6  CC energy:   -75.03619816  Energy decrease:   0.00000160
 ======================================================================
 Norm of residual vector:     0.00004604
 CPU time [min]:   204.803                   Wall time [min]:    52.249
 
 Iteration  7  CC energy:   -75.03619860  Energy decrease:   0.00000044
 ======================================================================
 Norm of residual vector:     0.00002548
 CPU time [min]:   233.172                   Wall time [min]:    59.442
 
 Iteration  8  CC energy:   -75.03619890  Energy decrease:   0.00000030
 ======================================================================
 Norm of residual vector:     0.00001238
 CPU time [min]:   261.626                   Wall time [min]:    66.654
 
 Iteration  9  CC energy:   -75.03619908  Energy decrease:   0.00000018
 ======================================================================
 Norm of residual vector:     0.00000521
 CPU time [min]:   290.468                   Wall time [min]:    73.998
 
 Iteration 10  CC energy:   -75.03619912  Energy decrease:   0.00000004
 ======================================================================
 Norm of residual vector:     0.00000200
 CPU time [min]:   319.050                   Wall time [min]:    81.243
 
 Iteration 11  CC energy:   -75.03619911  Energy decrease:   0.00000001
 ======================================================================
 Norm of residual vector:     0.00000077
 CPU time [min]:   347.802                   Wall time [min]:    88.530
 
 Iteration 12  CC energy:   -75.03619910  Energy decrease:   0.00000001
 ======================================================================
 Norm of residual vector:     0.00000030
 CPU time [min]:   376.430                   Wall time [min]:    95.786
 
 Iteration 13  CC energy:   -75.03619910  Energy decrease:   6.6954E-10
 ======================================================================
 Norm of residual vector:     0.00000012
 CPU time [min]:   405.212                   Wall time [min]:   103.084
 
 Iteration 14  CC energy:   -75.03619910  Energy decrease:   1.3554E-09
 ======================================================================
 Norm of residual vector:     0.00000005
 CPU time [min]:   434.098                   Wall time [min]:   110.403
 
 Iteration 15  CC energy:   -75.03619910  Energy decrease:   2.2739E-10
 ======================================================================
 Norm of residual vector:     0.00000002
 CPU time [min]:   463.097                   Wall time [min]:   117.750
 
 Iteration 16  CC energy:   -75.03619910  Energy decrease:   2.6522E-10
 ======================================================================
 Norm of residual vector:     0.00000001
 CPU time [min]:   492.173                   Wall time [min]:   125.117
 
 Iteration 17  CC energy:   -75.03619910  Energy decrease:   4.9596E-12
 ======================================================================
 Norm of residual vector:     2.8295E-09
 CPU time [min]:   521.248                   Wall time [min]:   132.484
 
 Iteration 18  CC energy:   -75.03619910  Energy decrease:   2.4087E-11
 ======================================================================
 Norm of residual vector:     1.0124E-09
 CPU time [min]:   549.952                   Wall time [min]:   139.757
 
 Iteration 19  CC energy:   -75.03619910  Energy decrease:   5.1159E-13
 ======================================================================
 Norm of residual vector:     3.6787E-10
 CPU time [min]:   578.607                   Wall time [min]:   147.016
 
 Iteration 20  CC energy:   -75.03619910  Energy decrease:   1.9895E-13
 ======================================================================
 Norm of residual vector:     1.4020E-10
 CPU time [min]:   607.318                   Wall time [min]:   154.289
 
 Iteration 21  CC energy:   -75.03619910  Energy decrease:   1.4069E-12
 ======================================================================
 Norm of residual vector:     5.4625E-11
 CPU time [min]:   637.135                   Wall time [min]:   161.940
 
 Iteration 22  CC energy:   -75.03619910  Energy decrease:   7.3896E-13
 ======================================================================
 
 Iteration has converged in 22 steps.
 
 Final results:
 Total CCSDTQ energy [au]:                    -75.036199098182
 
 Perturbative corrections are calculated...
 ======================================================================
 Spin case  1   Alpha:  2   Beta:  3
 Number of excitations:        1547576
 CPU time [min]:   652.307                   Wall time [min]:   165.851
 ======================================================================
 Spin case  2   Alpha:  3   Beta:  2
 Number of excitations:        4643976
 CPU time [min]:   670.634                   Wall time [min]:   170.574
 ======================================================================
 Spin case  3   Alpha:  4   Beta:  1
 Number of excitations:        1078112
 CPU time [min]:   677.742                   Wall time [min]:   172.418
 ======================================================================
 Spin case  4   Alpha:  5   Beta:  0
 Number of excitations:        12366
 CPU time [min]:   678.058                   Wall time [min]:   172.497
 ======================================================================
 Spin case  5   Alpha:  2   Beta:  3
 Number of excitations:        2979560
 CPU time [min]:   700.971                   Wall time [min]:   178.335
 ======================================================================
 Spin case  6   Alpha:  2   Beta:  3
 Number of excitations:        5000468
 CPU time [min]:   742.032                   Wall time [min]:   189.067
 ======================================================================
 Spin case  7   Alpha:  3   Beta:  2
 Number of excitations:        13930040
 CPU time [min]:   801.513                   Wall time [min]:   204.367
 ======================================================================
 Spin case  8   Alpha:  3   Beta:  2
 Number of excitations:        9633104
 CPU time [min]:   840.103                   Wall time [min]:   214.351
 ======================================================================
 Spin case  9   Alpha:  4   Beta:  1
 Number of excitations:        4475484
 CPU time [min]:   871.268                   Wall time [min]:   222.526
 ======================================================================
 Spin case 10   Alpha:  4   Beta:  1
 Number of excitations:        1078866
 CPU time [min]:   878.429                   Wall time [min]:   224.353
 ======================================================================
 Spin case 11   Alpha:  5   Beta:  0
 Number of excitations:        67107
 CPU time [min]:   880.179                   Wall time [min]:   224.798
 ======================================================================
 Spin case 12   Alpha:  2   Beta:  3
 Number of excitations:        1330400
 CPU time [min]:   890.744                   Wall time [min]:   227.543
 ======================================================================
 Spin case 13   Alpha:  2   Beta:  3
 Number of excitations:        9629776
 CPU time [min]:   966.872                   Wall time [min]:   246.965
 ======================================================================
 Spin case 14   Alpha:  2   Beta:  3
 Number of excitations:        5001860
 CPU time [min]:  1006.866                   Wall time [min]:   257.102
 ======================================================================
 Spin case 15   Alpha:  3   Beta:  2
 Number of excitations:        12898188
 CPU time [min]:  1059.505                   Wall time [min]:   270.545
 ======================================================================
 Spin case 16   Alpha:  3   Beta:  2
 Number of excitations:        28883724
 CPU time [min]:  1180.789                   Wall time [min]:   301.392
 ======================================================================
 Spin case 17   Alpha:  3   Beta:  2
 Number of excitations:        4644726
 CPU time [min]:  1199.644                   Wall time [min]:   306.381
 ======================================================================
 Spin case 18   Alpha:  4   Beta:  1
 Number of excitations:        6442840
 CPU time [min]:  1243.276                   Wall time [min]:   317.431
 ======================================================================
 Spin case 19   Alpha:  4   Beta:  1
 Number of excitations:        4476204
 CPU time [min]:  1273.393                   Wall time [min]:   325.059
 ======================================================================
 Spin case 20   Alpha:  5   Beta:  0
 Number of excitations:        133330
 CPU time [min]:  1277.187                   Wall time [min]:   326.042
 ======================================================================
 Spin case 21   Alpha:  2   Beta:  3
 Number of excitations:        4299228
 CPU time [min]:  1311.106                   Wall time [min]:   334.789
 ======================================================================
 Spin case 22   Alpha:  2   Beta:  3
 Number of excitations:        9634320
 CPU time [min]:  1391.240                   Wall time [min]:   355.051
 ======================================================================
 Spin case 23   Alpha:  2   Beta:  3
 Number of excitations:        1548006
 CPU time [min]:  1403.058                   Wall time [min]:   358.082
 ======================================================================
 Spin case 24   Alpha:  3   Beta:  2
 Number of excitations:        3685560
 CPU time [min]:  1418.767                   Wall time [min]:   362.146
 ======================================================================
 Spin case 25   Alpha:  3   Beta:  2
 Number of excitations:        26742800
 CPU time [min]:  1536.420                   Wall time [min]:   392.058
 ======================================================================
 Spin case 26   Alpha:  3   Beta:  2
 Number of excitations:        13925936
 CPU time [min]:  1594.652                   Wall time [min]:   406.905
 ======================================================================
 Spin case 27   Alpha:  4   Beta:  1
 Number of excitations:        3824496
 CPU time [min]:  1620.110                   Wall time [min]:   413.337
 ======================================================================
 Spin case 28   Alpha:  4   Beta:  1
 Number of excitations:        6441808
 CPU time [min]:  1663.048                   Wall time [min]:   424.073
 ======================================================================
 Spin case 29   Alpha:  5   Beta:  0
 Number of excitations:        123084
 CPU time [min]:  1666.455                   Wall time [min]:   424.966
 ======================================================================
 Spin case 30   Alpha:  2   Beta:  3
 Number of excitations:        4300592
 CPU time [min]:  1701.703                   Wall time [min]:   434.271
 ======================================================================
 Spin case 31   Alpha:  2   Beta:  3
 Number of excitations:        2981640
 CPU time [min]:  1727.478                   Wall time [min]:   440.938
 ======================================================================
 Spin case 32   Alpha:  3   Beta:  2
 Number of excitations:        7645096
 CPU time [min]:  1761.636                   Wall time [min]:   449.878
 ======================================================================
 Spin case 33   Alpha:  3   Beta:  2
 Number of excitations:        12893934
 CPU time [min]:  1817.085                   Wall time [min]:   463.874
 ======================================================================
 Spin case 34   Alpha:  4   Beta:  1
 Number of excitations:        787656
 CPU time [min]:  1822.419                   Wall time [min]:   465.226
 ======================================================================
 Spin case 35   Alpha:  4   Beta:  1
 Number of excitations:        3824976
 CPU time [min]:  1849.015                   Wall time [min]:   471.996
 ======================================================================
 Spin case 36   Alpha:  5   Beta:  0
 Number of excitations:        52802
 CPU time [min]:  1850.441                   Wall time [min]:   472.358
 ======================================================================
 Spin case 37   Alpha:  2   Beta:  3
 Number of excitations:        1330933
 CPU time [min]:  1861.392                   Wall time [min]:   475.249
 ======================================================================
 Spin case 38   Alpha:  3   Beta:  2
 Number of excitations:        3686016
 CPU time [min]:  1877.483                   Wall time [min]:   479.451
 ======================================================================
 Spin case 39   Alpha:  4   Beta:  1
 Number of excitations:        788304
 CPU time [min]:  1882.737                   Wall time [min]:   480.799
 ======================================================================
 Spin case 40   Alpha:  5   Beta:  0
 Number of excitations:        8332
 CPU time [min]:  1882.968                   Wall time [min]:   480.857
 ======================================================================
 Number of 5-fold excitations: 226413226
 
 T_3^+ contribution [au]:                       0.000000515299
 T_1^+ * T_2^+ contribution [au]:              -0.000000081760
 T_1^+ * <ab||ij> contribution [au]:           -0.000000042529
 T_2^+ * f_ai contribution [au]:               -0.000000000000
 T_2^+ contribution [au]:                       0.000001985764
 
 CPU time [min]:  1883.569                   Wall time [min]:   481.080
 
 Total CCSDTQ[P] energy [au]:                 -75.036196678879
 Total CCSDTQ(P)/A energy [au]:               -75.036196678879
 Total CCSDTQ(P)/B energy [au]:               -75.036196639648
 
 Dominant cluster amplitudes
 Printing threshold:  1.00E-02
 
    1.000000  Reference determinant                                     
   -0.010437  3a -> 9a                                                  
   -0.014207  3a 3b -> 17a 33b                                          
   -0.014693  3a 3b -> 33a 33b                                          
    0.015331  3a 2b -> 12a 4b                                           
    0.019421  3a 2b -> 28a 4b                                           
   -0.015546  4a 2b -> 11a 4b                                           
   -0.019894  4a 2b -> 26a 4b                                           
    0.010829  4a 2b -> 30a 4b                                           
   -0.011453  4a 3b -> 9a 4b                                            
   -0.010708  4a 3b -> 15a 33b                                          
   -0.010650  4a 3b -> 31a 33b                                          
    0.015546  5a 2b -> 10a 4b                                           
    0.019894  5a 2b -> 27a 4b                                           
   -0.010708  5a 3b -> 16a 33b                                          
   -0.010650  5a 3b -> 32a 33b                                          
   -0.011110  2b 3b -> 17b 18b                                          
    0.015771  2a 2b -> 18a 18b                                          
   -0.011442  3a 3b -> 14a 11b                                          
    0.011238  3a 3b -> 30a 11b                                          
   -0.011471  3a 3b -> 18a 18b                                          
    0.011489  3a 3b -> 14a 26b                                          
   -0.019278  3a 3b -> 30a 26b                                          
   -0.014622  3a 3b -> 9a 9b                                            
   -0.022214  3a 3b -> 17a 9b                                           
   -0.021000  3a 3b -> 9a 17b                                           
   -0.039585  3a 3b -> 17a 17b                                          
   -0.014652  3a 3b -> 33a 17b                                          
    0.010418  2a 2b -> 15a 8b                                           
    0.011243  2a 2b -> 15a 15b                                          
    0.014958  3a 3b -> 28a 28b                                          
    0.010418  2a 2b -> 16a 7b                                           
    0.011243  2a 2b -> 16a 16b                                          
    0.014958  3a 3b -> 29a 29b                                          
   -0.010746  2a 3b -> 18a 9b                                           
    0.013318  2a 3b -> 6a 17b                                           
   -0.021423  2a 3b -> 18a 17b                                          
    0.010365  3a 2b -> 18a 17b                                          
   -0.013603  3a 2b -> 17a 6b                                           
    0.021183  3a 2b -> 17a 18b                                          
    0.013072  3a 2b -> 12a 8b                                           
    0.018060  3a 2b -> 28a 8b                                           
    0.010274  3a 2b -> 28a 15b                                          
    0.015331  3a 2b -> 13a 5b                                           
    0.019421  3a 2b -> 29a 5b                                           
    0.013072  3a 2b -> 13a 7b                                           
    0.018060  3a 2b -> 29a 7b                                           
    0.010274  3a 2b -> 29a 16b                                          
   -0.013352  4a 2b -> 11a 8b                                           
   -0.018508  4a 2b -> 26a 8b                                           
    0.010056  4a 2b -> 30a 8b                                           
    0.012141  4a 2b -> 18a 15b                                          
   -0.010591  4a 2b -> 26a 15b                                          
   -0.013033  4a 2b -> 15a 6b                                           
    0.020447  4a 2b -> 15a 18b                                          
    0.015546  4a 2b -> 10a 5b                                           
    0.019894  4a 2b -> 27a 5b                                           
    0.013352  4a 2b -> 10a 7b                                           
    0.018508  4a 2b -> 27a 7b                                           
    0.010591  4a 2b -> 27a 16b                                          
   -0.010359  4a 3b -> 26a 28b                                          
   -0.011005  4a 3b -> 9a 8b                                            
   -0.010251  4a 3b -> 8a 9b                                            
   -0.016444  4a 3b -> 15a 9b                                           
   -0.014399  4a 3b -> 8a 17b                                           
   -0.028081  4a 3b -> 15a 17b                                          
   -0.011609  4a 3b -> 31a 17b                                          
    0.010424  4a 3b -> 28a 26b                                          
    0.010359  4a 3b -> 27a 29b                                          
    0.015546  5a 2b -> 11a 5b                                           
    0.019894  5a 2b -> 26a 5b                                           
    0.010829  5a 2b -> 30a 5b                                           
    0.013352  5a 2b -> 11a 7b                                           
    0.018508  5a 2b -> 26a 7b                                           
    0.010056  5a 2b -> 30a 7b                                           
    0.012141  5a 2b -> 18a 16b                                          
    0.010591  5a 2b -> 26a 16b                                          
   -0.013033  5a 2b -> 16a 6b                                           
    0.020447  5a 2b -> 16a 18b                                          
    0.013352  5a 2b -> 10a 8b                                           
    0.018508  5a 2b -> 27a 8b                                           
    0.010591  5a 2b -> 27a 15b                                          
    0.010359  5a 3b -> 26a 29b                                          
   -0.011453  5a 3b -> 9a 5b                                            
   -0.011005  5a 3b -> 9a 7b                                            
   -0.010251  5a 3b -> 7a 9b                                            
   -0.016444  5a 3b -> 16a 9b                                           
   -0.014399  5a 3b -> 7a 17b                                           
   -0.028081  5a 3b -> 16a 17b                                          
   -0.011609  5a 3b -> 32a 17b                                          
    0.010424  5a 3b -> 29a 26b                                          
    0.010359  5a 3b -> 27a 28b                                          
    0.011590  2a 3a -> 17a 18a                                          
    0.011433  2a 4a -> 15a 18a                                          
   -0.012115  3a 4a -> 9a 15a                                           
    0.011226  3a 4a -> 8a 17a                                           
    0.021545  3a 4a -> 15a 17a                                          
   -0.013600  3a 4a -> 28a 30a                                          
    0.011433  2a 5a -> 16a 18a                                          
   -0.012115  3a 5a -> 9a 16a                                           
    0.011226  3a 5a -> 7a 17a                                           
    0.021545  3a 5a -> 16a 17a                                          
   -0.013600  3a 5a -> 29a 30a                                          
    0.010880  4a 5a -> 7a 15a                                           
   -0.010880  4a 5a -> 8a 16a                                           
   -0.021154  4a 5a -> 15a 16a                                          
    0.014951  4a 5a -> 26a 27a                                          

 ************************ 2024-11-12 07:02:31 *************************
 Executing goldstone...

 Generation of MRCC equations in terms of H and T...
 Generation of antisymmetrized Goldstone diagrams...
 Number of diagrams in T^1 equations:    15
 Number of diagrams in T^2 equations:    38
 Number of diagrams in T^3 equations:    54
 Number of diagrams in T^4 equations:    81
 Number of diagrams in T^5 equations:   102
 Number of diagrams in T^6 equations:    14
 Translation of diagrams to factorized equations...
 Number of restricted diagrams in T^1 equations:     78
 Number of restricted diagrams in T^2 equations:    344
 Number of restricted diagrams in T^3 equations:    892
 Number of restricted diagrams in T^4 equations:   2035
 Number of restricted diagrams in T^5 equations:   3948
 Number of restricted diagrams in T^6 equations:    730
 Optimizing intermediate calculation...
 Number of floating-point operations per iteration step:   7.3359E+13
 Probable CPU time per iteration step (hours):    733.59
 Required memory (Mbytes):   18360.0
 Number of intermediates:                                1683
 Number of intermediates to be stored:                    699
 Length of intermediate file (Mbytes):  108485.3

 ************************ 2024-11-12 07:03:08 *************************
 Executing xmrcc...

 **********************************************************************
 MRCC(                     6 ) calculation 
 
 
 Allocation of****** Mbytes of memory...
 Number of spinorbitals:                   118
 Number of alpha electrons:                        5
 Number of beta electrons:                         3
 Number of active particles:                    56
 Number of active holes:                         0
 Spin multiplicity:                     2
 z-component of spin:  1.0
 Spatial symmetry:                      7
 Convergence criterion:  1.0E-10
 Construction of occupation graphs...
 Number of                     0 -fold excitations:                      1
 Number of                     1 -fold excitations:                     88
 Number of                     2 -fold excitations:                   8873
 Number of                     3 -fold excitations:                 496442
 Number of                     4 -fold excitations:               14610752
 Number of                     5 -fold excitations:              226413226
 Total number of configurations:              241529382
 Calculation of coupling coefficients...
 Length of intermediate file (Mbytes):   61578.8
 
 ======================================================================
 
 Spin case  1   Alpha:  3   Beta:  3
 Number of excitations:               13414136
 Spin case  2   Alpha:  4   Beta:  2
 Number of excitations:               14513395
 Spin case  3   Alpha:  5   Beta:  1
 Number of excitations:                1032768
 Spin case  4   Alpha:  3   Beta:  3
 Number of excitations:               40249624
 Spin case  5   Alpha:  3   Beta:  3
 Number of excitations:               43340724
 Spin case  6   Alpha:  4   Beta:  2
 Number of excitations:               60370650
 Spin case  7   Alpha:  4   Beta:  2
 Number of excitations:               30116186
 Spin case  8   Alpha:  5   Beta:  1
 Number of excitations:                5598164
 Spin case  9   Alpha:  5   Beta:  1
 Number of excitations:                1033002
 Spin case 10   Alpha:  3   Beta:  3
 Number of excitations:               37267728
 Spin case 11   Alpha:  3   Beta:  3
 Number of excitations:              130028212
 Spin case 12   Alpha:  3   Beta:  3
 Number of excitations:               43342032
 Spin case 13   Alpha:  4   Beta:  2
 Number of excitations:               87065956
 Spin case 14   Alpha:  4   Beta:  2
 Number of excitations:              125229744
 Spin case 15   Alpha:  4   Beta:  2
 Number of excitations:               14520445
 Spin case 16   Alpha:  5   Beta:  1
 Number of excitations:               11182028
 Spin case 17   Alpha:  5   Beta:  1
 Number of excitations:                5600087
 Spin case 18   Alpha:  3   Beta:  3
 Number of excitations:               10646912
 Spin case 19   Alpha:  3   Beta:  3
 Number of excitations:              120396796
 Spin case 20   Alpha:  3   Beta:  3
 Number of excitations:              130018324
 Spin case 21   Alpha:  3   Beta:  3
 Number of excitations:               13415114
 Spin case 22   Alpha:  4   Beta:  2
 Number of excitations:               51598440
 Spin case 23   Alpha:  4   Beta:  2
 Number of excitations:              180551742
 Spin case 24   Alpha:  4   Beta:  2
 Number of excitations:               60378858
 Spin case 25   Alpha:  5   Beta:  1
 Number of excitations:               10321104
 Spin case 26   Alpha:  5   Beta:  1
 Number of excitations:               11182741
 Spin case 27   Alpha:  3   Beta:  3
 Number of excitations:               34397608
 Spin case 28   Alpha:  3   Beta:  3
 Number of excitations:              120385536
 Spin case 29   Alpha:  3   Beta:  3
 Number of excitations:               40244580
 Spin case 30   Alpha:  4   Beta:  2
 Number of excitations:               10597446
 Spin case 31   Alpha:  4   Beta:  2
 Number of excitations:              107030016
 Spin case 32   Alpha:  4   Beta:  2
 Number of excitations:               87051394
 Spin case 33   Alpha:  5   Beta:  1
 Number of excitations:                4402736
 Spin case 34   Alpha:  5   Beta:  1
 Number of excitations:               10321968
 Spin case 35   Alpha:  3   Beta:  3
 Number of excitations:               34399032
 Spin case 36   Alpha:  3   Beta:  3
 Number of excitations:               37263022
 Spin case 37   Alpha:  4   Beta:  2
 Number of excitations:               21992328
 Spin case 38   Alpha:  4   Beta:  2
 Number of excitations:               51603912
 Spin case 39   Alpha:  5   Beta:  1
 Number of excitations:                 691664
 Spin case 40   Alpha:  5   Beta:  1
 Number of excitations:                4404274
 Spin case 41   Alpha:  3   Beta:  3
 Number of excitations:               10647120
 Spin case 42   Alpha:  4   Beta:  2
 Number of excitations:               10603746
 Spin case 43   Alpha:  5   Beta:  1
 Number of excitations:                 692062
 Number of                     6 -fold excitations:             1839143356
 
 Memory requirements /Mbyte/: 
               Minimal        Optimal
 Real*8:      14691.9283     14691.9283
 Integer:      2182.9144
 Total:       16874.8427     16874.8427
 

 ************************ 2024-11-12 07:08:47 *************************
 Executing mrcc...

 **********************************************************************
 CC(5)(6) calculation                                                   
 
 
 OpenMP parallel version is running.
 Number of CPU cores:   4
 Allocation of14691.9 Mbytes of memory...
 Number of spinorbitals: 118
 Number of alpha electrons:  5
 Number of beta  electrons:  3
 Number of active particles:                    56
 Number of active holes:                         0
 Spin multiplicity: 3
 z-component of spin:  1.0
 Spatial symmetry: 7
 Convergence criterion:  1.0E-10
 Construction of occupation graphs...
 Number of 0-fold excitations: 1
 Number of 1-fold excitations: 88
 Number of 2-fold excitations: 8873
 Number of 3-fold excitations: 496442
 Number of 4-fold excitations: 14610752
 Number of 5-fold excitations: 226413226
 Total number of determinants: 241529382
 Calculation of coupling coefficients...
 Initial cluster amplitudes are read from unit 16.
 Length of intermediate file (Mbytes):   61578.8
 Reading integral list from unit 55...
 Sorting integrals...
 Sorting integrals...
 Sorting integrals...
 Sorting integrals...
 Energy of reference determinant [au]:     -74.813095620362
 Calculation of MP denominators...
 
 Starting CC iteration...
 ======================================================================
 Norm of residual vector:     0.00707714
 CPU time [min]:   547.476                   Wall time [min]:   178.434
 
 Iteration  1  CC energy:   -75.03619910  Energy decrease:   7.1054E-14
 ======================================================================
 Norm of residual vector:     0.00131635
 CPU time [min]:  1087.805                   Wall time [min]:   349.031
 
 Iteration  2  CC energy:   -75.03619910  Energy decrease:   8.5265E-14
 ======================================================================
 Norm of residual vector:     0.00044997
 CPU time [min]:  1630.454                   Wall time [min]:   520.980
 
 Iteration  3  CC energy:   -75.03619679  Energy decrease:   0.00000231
 ======================================================================
 Norm of residual vector:     0.00013274
 CPU time [min]:  2174.061                   Wall time [min]:   695.797
 
 Iteration  4  CC energy:   -75.03619778  Energy decrease:   0.00000100
 ======================================================================
 Norm of residual vector:     0.00004276
 CPU time [min]:  2720.126                   Wall time [min]:   870.405
 
 Iteration  5  CC energy:   -75.03619857  Energy decrease:   0.00000078
 ======================================================================
 Norm of residual vector:     0.00001721
 CPU time [min]:  3267.106                   Wall time [min]:  1044.351
 
 Iteration  6  CC energy:   -75.03619865  Energy decrease:   0.00000009
 ======================================================================
 Norm of residual vector:     0.00000517
 CPU time [min]:  3815.581                   Wall time [min]:  1220.501
 
 Iteration  7  CC energy:   -75.03619866  Energy decrease:   3.8140E-09
 ======================================================================
 Norm of residual vector:     0.00000203
 CPU time [min]:  4366.335                   Wall time [min]:  1397.377
 
 Iteration  8  CC energy:   -75.03619865  Energy decrease:   0.00000001
 ======================================================================
 Norm of residual vector:     0.00000079
 CPU time [min]:  4916.892                   Wall time [min]:  1573.594
 
 Iteration  9  CC energy:   -75.03619865  Energy decrease:   0.00000001
 ======================================================================
 Norm of residual vector:     0.00000033
 CPU time [min]:  5470.284                   Wall time [min]:  1753.334
 
 Iteration 10  CC energy:   -75.03619865  Energy decrease:   4.6742E-10
 ======================================================================
 Norm of residual vector:     0.00000014
 CPU time [min]:  6030.301                   Wall time [min]:  1950.431
 
 Iteration 11  CC energy:   -75.03619865  Energy decrease:   2.1920E-09
 ======================================================================
 Norm of residual vector:     0.00000008
 CPU time [min]:  6609.901                   Wall time [min]:  2140.124
 
 Iteration 12  CC energy:   -75.03619865  Energy decrease:   1.4215E-09
 ======================================================================
 Norm of residual vector:     0.00000004
 CPU time [min]:  7194.150                   Wall time [min]:  2327.739
 
 Iteration 13  CC energy:   -75.03619865  Energy decrease:   2.9583E-10
 ======================================================================
 Norm of residual vector:     0.00000002
 CPU time [min]:  7779.541                   Wall time [min]:  2516.733
 
 Iteration 14  CC energy:   -75.03619865  Energy decrease:   5.2296E-12
 ======================================================================
 Norm of residual vector:     0.00000001
 CPU time [min]:  8366.325                   Wall time [min]:  2705.955
 
 Iteration 15  CC energy:   -75.03619865  Energy decrease:   1.3472E-11
 ======================================================================
 Norm of residual vector:     3.7061E-09
 CPU time [min]:  8953.396                   Wall time [min]:  2897.675
 
 Iteration 16  CC energy:   -75.03619865  Energy decrease:   1.9142E-11
 ======================================================================
 Norm of residual vector:     1.4202E-09
 CPU time [min]:  9541.526                   Wall time [min]:  3087.871
 
 Iteration 17  CC energy:   -75.03619865  Energy decrease:   2.7711E-12
 ======================================================================
 Norm of residual vector:     5.4153E-10
 CPU time [min]: 10130.061                   Wall time [min]:  3281.362
 
 Iteration 18  CC energy:   -75.03619865  Energy decrease:   2.9416E-12
 ======================================================================
 Norm of residual vector:     2.0924E-10
 CPU time [min]: 10718.190                   Wall time [min]:  3471.922
 
 Iteration 19  CC energy:   -75.03619865  Energy decrease:   9.6634E-13
 ======================================================================
 Norm of residual vector:     7.9123E-11
 CPU time [min]: 11287.735                   Wall time [min]:  3657.378
 
 Iteration 20  CC energy:   -75.03619865  Energy decrease:   3.8369E-13
 ======================================================================
 
 Iteration has converged in 20 steps.
 
 Final results:
 Total CCSDTQP energy [au]:                   -75.036198651498
 
 Perturbative corrections are calculated...
 ======================================================================
 Spin case  1   Alpha:  3   Beta:  3
 Number of excitations:        13414136
 CPU time [min]: 11715.528                   Wall time [min]:  3803.240
 ======================================================================
 Spin case  2   Alpha:  4   Beta:  2
 Number of excitations:        14513395
 CPU time [min]: 12002.485                   Wall time [min]:  3877.215
 ======================================================================
 Spin case  3   Alpha:  5   Beta:  1
 Number of excitations:        1032768
 CPU time [min]: 12060.970                   Wall time [min]:  3892.251
 ======================================================================
 Spin case  4   Alpha:  3   Beta:  3
 Number of excitations:        40249624
 CPU time [min]: 13145.337                   Wall time [min]:  4178.344
 ======================================================================
 Spin case  5   Alpha:  3   Beta:  3
 Number of excitations:        43340724
 CPU time [min]: 14259.824                   Wall time [min]:  4464.608
 ======================================================================
 Spin case  6   Alpha:  4   Beta:  2
 Number of excitations:        60370650
 CPU time [min]: 15456.724                   Wall time [min]:  4765.202
 ======================================================================
 Spin case  7   Alpha:  4   Beta:  2
 Number of excitations:        30116186
 CPU time [min]: 15972.409                   Wall time [min]:  4895.729
 ======================================================================
 Spin case  8   Alpha:  5   Beta:  1
 Number of excitations:        5598164
 CPU time [min]: 16287.014                   Wall time [min]:  4975.299
 ======================================================================
 Spin case  9   Alpha:  5   Beta:  1
 Number of excitations:        1033002
 CPU time [min]: 16342.418                   Wall time [min]:  4989.691
 ======================================================================
 Spin case 10   Alpha:  3   Beta:  3
 Number of excitations:        37267728
 CPU time [min]: 17190.022                   Wall time [min]:  5212.935
 ======================================================================
 Spin case 11   Alpha:  3   Beta:  3
 Number of excitations:        130028212
 CPU time [min]: 20349.798                   Wall time [min]:  6015.219
 ======================================================================
 Spin case 12   Alpha:  3   Beta:  3
 Number of excitations:        43342032
 CPU time [min]: 21320.510                   Wall time [min]:  6262.982
 ======================================================================
 Spin case 13   Alpha:  4   Beta:  2
 Number of excitations:        87065956
 CPU time [min]: 23090.865                   Wall time [min]:  6732.108
 ======================================================================
 Spin case 14   Alpha:  4   Beta:  2
 Number of excitations:        125229744
 CPU time [min]: 26335.583                   Wall time [min]:  7562.458
 ======================================================================
 Spin case 15   Alpha:  4   Beta:  2
 Number of excitations:        14520445
 CPU time [min]: 26674.928                   Wall time [min]:  7653.351
 ======================================================================
 Spin case 16   Alpha:  5   Beta:  1
 Number of excitations:        11182028
 CPU time [min]: 27491.929                   Wall time [min]:  7870.383
 ======================================================================
 Spin case 17   Alpha:  5   Beta:  1
 Number of excitations:        5600087
 CPU time [min]: 27850.496                   Wall time [min]:  7960.457
 ======================================================================
 Spin case 18   Alpha:  3   Beta:  3
 Number of excitations:        10646912
 CPU time [min]: 28151.318                   Wall time [min]:  8041.043
 ======================================================================
 Spin case 19   Alpha:  3   Beta:  3
 Number of excitations:        120396796
 CPU time [min]: 31715.295                   Wall time [min]:  8943.948
 ======================================================================
 Spin case 20   Alpha:  3   Beta:  3
 Number of excitations:        130018324
slurmstepd: error: *** JOB 26890641 ON gra803 CANCELLED AT 2024-11-18T21:31:26 DUE TO TIME LIMIT ***
