Starting run at: Thu 07 Aug 2025 08:49:08 AM EDT
 **********************************************************************
                          MRCC program system
 **********************************************************************
 
                              Written by
     Mihaly Kallay, Peter R. Nagy, David Mester, Laszlo Gyevi-Nagy,
        Jozsef Csoka, P. Bernat Szabo, Zoltan Rolik, Gyula Samu,
      Bence Hegely, Bence Ladoczki, Klara Petrov, Jozsef Csontos,
     Adam Ganyecz, Istvan Ladjanszki, Lorant Szegedy, Mate Farkas,
          Pal D. Mezei, Reka A. Horvath, and Balazs D. Lorincz
 
        Department of Physical Chemistry and Materials Science
            Budapest University of Technology and Economics
                  Budapest P.O.Box 91, H-1521 Hungary
 
                              www.mrcc.hu
 
                    Release date: December 31, 2024

 ************************ 2025-08-07 08:49:08 *************************
 Executing minp...

 Reading input from MINP...
 
 Input file:
 
basis=aCVTZ-EMSL
iface=cfour
uncontract=off
calc=CC(8)
ccprog=mrcc
mem=250GB
core=corr
itol=18
scftol=13
cctol=6
ccmaxit=999
scfmaxit=9999
scfiguess=ao
scftype=UHF
#rohftype=semicanonical
rest=2
charge=+0
mult=3
refdet=serialno
1-3
4,5

symm=2
occ=2,0,0,0,0,1,1,1/2,0,0,0,0,0,0,1
geom
O

#Li 1 R
#R=3.065

#unit=angstroms

tprint=0.01
verbosity=3
#nstate=4
 
 
 Checking keyword combinations...
 
 Keywords:
 
 active=none
 agrid=ld0006-ld0590
 agrid_pssp=ld0006-ld0194
 agrid_pssp_sm=ld0006-ld0074
 basis=acvtz-emsl
 basis_sm=none
 basopt=off
 bfbasis=none
 bfgsmem=10
 bfgstol=1.0d-3
 boysalg=jacobi
 bpcompo=0.985
 bpcompv=0.98
 bpdfo=0.985
 bpocc=0.985
 bppdo=0.985
 bppdv=0.98
 bpedo=0.985
 bpedv=0.98
 bp_subsyso=0.95
 bp_subsysv=0.95
 cabscorr=off
 cabsdual=off
 calc=cc(8)
 ccmaxit=999
 ccprog=mrcc
 ccsdalg=disk
 ccsdmkl=seq
 ccsdrest=off
 ccsdthreads=2
 cctol=6
 charge=+0
 cialg=disk
 ciguess=off
 cmpgrp=auto
 comprest=off
 coord_sys=ric
 core=corr
 corembed=off
 csapprox=off
 cvs=off
 dboc=off
 deltaf12=off
 delocsomofact=
 dendec=cholesky
 dens=0
 denscorr=0
 dfalg=lineq
 dfbasis_cab=none
 dfbasis_cor=none
 dfbasis_scf=none
 dfbasis_scf_sm=auto
 dfintran=ovirt
 dft=off
 dhexc=adc(2)
 diag=david
 docc=
 domrad=10.d0
 drpaalg=fit
 dual=off
 dual_df=off
 dyson=off
 ecp=auto
 edisp=off
 edisp_embed=off
 embed=off
 epairestfact=off
 epairscale=1.d0
 etemp=300
 epert=none
 eps=
 espcharge=off
 excrad=0.d0
 excrad_f12=0.d0
 excrad_fin=0.000000000D+00
 fastdbbsc=v2
 fitting=coulomb
 fmm=off
 fmmord=8
 fnonorb=
 freq=off
 gamma=1.d0
 gauss=spher
 geom=zmat
 gopt=off
 ghost=none
 gtol=7
 grdens=off
 grid=auto
 grid_sm=auto
 gridbatch_cos=2000
 grtol=10
 guido_ct=off
 hamilton=dc
 iface=cfour
 incore=off
 intalg=auto
 ip_ea=off
 itol=18
 laptol=1.d-2
 lccoporder=trffirst
 lcorthr=normal
 lccrest=off
 ldfgrad_tol=8
 lmp2dens=on
 lnoepso=0.d0
 lnoepsv=1e-6
 localcc=off
 localcorrsymm=off
 locintrf=disk
 mact=
 maxact=off
 maxdim=200
 maxex=0
 maxmicroit=100
 mcscfiguess=hf
 mem=250gb
 mmprog=
 molden=on
 mp2ongrid=off
 mpitasks=1
 mulmet=0
 mult=3
 nab=off
 nacto=0
 nactv=0
 naf_amp=3.16d-3
 naf_cor=off
 naf_f12=off
 naf_scf=off
 nafalg=albe
 nafdens=off
 naftyp=
 nchol=auto
 ndeps=1e-3
 nstate=1
 nsing=0
 nto=off
 ntrip=0
 num_grad=off
 occ=2,0,0,0,0,1,1,1/2,0,0,0,0,0,0,1
 occri=off
 oniom=off
 oniom_eechg=off
 oniom_pcm=off
 oniom_qcorr=off
 optalg=
 optmaxit=50
 optetol=1e-6
 optex=0
 optgtol=1e-4
 optstol=1e-3
 orblocc=off
 orbloce=off
 orbloco=off
 orblocv=off
 orblocguess=cholesky
 osveps=1e-3
 ovirt=off
 ovltol=1e-7
 ovosnorb=80.0
 pao_subsys_tol=1e-3
 pao_tol=1e-3
 pcm=off
 popul=off
 pressure=100000
 pssp=off
 ptfreq=0.0
 ptthreads=2
 qmreg=
 qmmm=off
 qro=off
 qscf=off
 redcost_exc=off
 redcost_tddft=off
 refdet=serialno
 rest=2
 rgrid=log3
 rism=off
 rohfcore=semicanonical
 rohftype=standard
 scfalg=auto
 scf_conv=auto
 scfdamp=0.0d0
 scfdamp_mode=off
 scfdamp_end=9999
 scfdamp_dampstep=0.d0
 scfdamp_dtol=0.0d0
 scfdamp_maxfact=0.0d0
 scfdamp_minfact=0.0d0
 scfdiis=on
 scfdiis_dtol=0.0d0
 scfdiis_end=9999
 scfdiis_start=2
 scfdiis_step=1
 scfdiis_watch=off
 scfdiis_wrange=10
 scfdiis_wlimit=5
 scfdiis_delmax=2
 scfdtol=14
 scfext=10
 scfguessdens=
 scfiguess=ao
 scfloc=off
 scflshift=0.20
 scflshift_end=8
 scflshift_dtol=0.0
 scflshift_gaptol=0.20
 scfmaxit=9999
 scftype=uhf
 scftol=13
 scspe=1.d0
 scsph=1.d0
 scsps=1.2d0
 scsps_t=1.2d0
 scspt=0.33333333333333
 scspt_t=0.33333333333333
 scspv=1.d0
 spairtol=1e-4
 sqmprog=
 subminp=top
 subsys_bopu=on
 symm=2
 talg=occ
 temp=298.15
 test=off
 theodore=off
 tlmo=0.999
 tpao=0.94
 tprint=0.01
 uncontract=off
 unit=angs
 usedisk=2
 verbosity=3
 wpairtol=0.100000000E-05

 ************************ 2025-08-07 08:49:09 *************************
 Executing goldstone...

 Generation of CC equations in terms of H and T...
 Generation of antisymmetrized Goldstone diagrams...
 Number of diagrams in T^1 equations:    15
 Number of diagrams in T^2 equations:    38
 Number of diagrams in T^3 equations:    54
 Number of diagrams in T^4 equations:    81
 Number of diagrams in T^5 equations:   106
 Number of diagrams in T^6 equations:   142
 Number of diagrams in T^7 equations:   175
 Number of diagrams in T^8 equations:   215
 Translation of diagrams to factorized equations...
 Optimizing intermediate calculation...
 Number of floating-point operations per iteration step:   5.0584E+16
 Probable CPU time per iteration step (hours):       505842.37
 Required memory (Mbytes):      46930712.1
 Number of intermediates:                                 303
 Number of intermediates to be stored:                    109
 Length of intermediate file (Mbytes):        764374.3

 ************************ 2025-08-07 08:49:09 *************************
 Executing xmrcc...

 **********************************************************************
 CC(                     8 ) calculation 
 
 
 Allocation of       256000.0 Mbytes of memory...
 Number of spinorbitals:                   118
 Number of alpha electrons:                        5
 Number of beta electrons:                         3
 Spin multiplicity:                     2
 z-component of spin:  1.0
 Spatial symmetry:                      2
 Convergence criterion:  1.0E-06
 Construction of occupation graphs...
 Number of                     0 -fold excitations:                      1
 Number of                     1 -fold excitations:                     88
 Number of                     2 -fold excitations:                   8873
 Number of                     3 -fold excitations:                 496442
 Number of                     4 -fold excitations:               14610752
 Number of                     5 -fold excitations:              226413226
 Number of                     6 -fold excitations:             1839143356
 Number of                     7 -fold excitations:             7305605080
 Number of                     8 -fold excitations:            10958090702
 Total number of configurations:            20344368520
 Calculation of coupling coefficients...
 Length of intermediate file (Mbytes):        390743.4
 
 ======================================================================
 
 Memory requirements /Mbyte/: 
               Minimal        Optimal
 Real*8:   28174477.5424  28174477.5424
 Integer:      2109.4171
 Total:    28176586.9595  28176586.9595
 

 ************************ 2025-08-07 08:49:58 *************************
 Executing goldstone...

 Generation of MRCC equations in terms of H and T...
 Generation of antisymmetrized Goldstone diagrams...
 Number of diagrams in T^1 equations:    15
 Number of diagrams in T^2 equations:    38
 Number of diagrams in T^3 equations:    54
 Number of diagrams in T^4 equations:    81
 Number of diagrams in T^5 equations:   106
 Number of diagrams in T^6 equations:   142
 Number of diagrams in T^7 equations:   175
 Number of diagrams in T^8 equations:   215
 Translation of diagrams to factorized equations...
 Number of restricted diagrams in T^1 equations:     30
 Number of restricted diagrams in T^2 equations:    129
 Number of restricted diagrams in T^3 equations:    306
 Number of restricted diagrams in T^4 equations:    674
 Number of restricted diagrams in T^5 equations:   1288
 Number of restricted diagrams in T^6 equations:   2347
 Number of restricted diagrams in T^7 equations:   3972
 Number of restricted diagrams in T^8 equations:   6459
 Optimizing intermediate calculation...
 Number of floating-point operations per iteration step:   5.2854E+16
 Probable CPU time per iteration step (hours):       528544.57
 Required memory (Mbytes):        128181.7
 Number of intermediates:                                2885
 Number of intermediates to be stored:                    841
 Length of intermediate file (Mbytes):       3206030.6

 ************************ 2025-08-07 08:50:02 *************************
 Executing xmrcc...

 **********************************************************************
 MRCC(                     8 ) calculation 
 
 
 Allocation of       256000.0 Mbytes of memory...
 Number of spinorbitals:                   118
 Number of alpha electrons:                        5
 Number of beta electrons:                         3
 Number of active particles:                    56
 Number of active holes:                         0
 Spin multiplicity:                     2
 z-component of spin:  1.0
 Spatial symmetry:                      2
 Convergence criterion:  1.0E-06
 Construction of occupation graphs...
 Number of                     0 -fold excitations:                      1
 Number of                     1 -fold excitations:                     88
 Number of                     2 -fold excitations:                   8873
 Number of                     3 -fold excitations:                 496442
 Number of                     4 -fold excitations:               14610752
 Number of                     5 -fold excitations:              226413226
 Number of                     6 -fold excitations:             1839143356
 Number of                     7 -fold excitations:             7305605080
 Number of                     8 -fold excitations:            10958090702
 Total number of configurations:            20344368520
 Calculation of coupling coefficients...
 Length of intermediate file (Mbytes):       2138267.5
 
 ======================================================================
 
 Memory requirements /Mbyte/: 
               Minimal        Optimal
 Real*8:      79773.7689     79773.7689
 Integer:      2261.7506
 Total:       82035.5195     82035.5195
 

 ************************ 2025-08-07 08:53:53 *************************
 Executing goldstone...

 Generation of MRCC equations in terms of H and T...
 Generation of antisymmetrized Goldstone diagrams...
 Number of diagrams in T^1 equations:    15
 Number of diagrams in T^2 equations:    34
 Number of diagrams in T^3 equations:     2
 Translation of diagrams to factorized equations...
 Number of restricted diagrams in T^1 equations:     78
 Number of restricted diagrams in T^2 equations:    299
 Number of restricted diagrams in T^3 equations:     18
 Optimizing intermediate calculation...
 Number of floating-point operations per iteration step:   2.6109E+08
 Probable CPU time per iteration step (hours):            0.00
 Required memory (Mbytes):          1209.6
 Number of intermediates:                                 239
 Number of intermediates to be stored:                    105
 Length of intermediate file (Mbytes):            23.8

 ************************ 2025-08-07 08:54:06 *************************
 Executing xmrcc...

 **********************************************************************
 MRCC(                     3 ) calculation 
 
 
 Allocation of       256000.0 Mbytes of memory...
 Number of spinorbitals:                   118
 Number of alpha electrons:                        5
 Number of beta electrons:                         3
 Number of active particles:                    56
 Number of active holes:                         0
 Spin multiplicity:                     2
 z-component of spin:  1.0
 Spatial symmetry:                      2
 Convergence criterion:  1.0E-06
 Construction of occupation graphs...
 Number of                     0 -fold excitations:                      1
 Number of                     1 -fold excitations:                     88
 Number of                     2 -fold excitations:                   8873
 Total number of configurations:                   8962
 Calculation of coupling coefficients...
 Length of intermediate file (Mbytes):            19.6
 
 ======================================================================
 
 Spin case  1   Alpha:  0   Beta:  3
 Number of excitations:                    401
 Spin case  2   Alpha:  1   Beta:  2
 Number of excitations:                  20118
 Spin case  3   Alpha:  2   Beta:  1
 Number of excitations:                  39936
 Spin case  4   Alpha:  3   Beta:  0
 Number of excitations:                   4124
 Spin case  5   Alpha:  0   Beta:  3
 Number of excitations:                   1342
 Spin case  6   Alpha:  1   Beta:  2
 Number of excitations:                  18694
 Spin case  7   Alpha:  1   Beta:  2
 Number of excitations:                  42068
 Spin case  8   Alpha:  2   Beta:  1
 Number of excitations:                  77336
 Spin case  9   Alpha:  2   Beta:  1
 Number of excitations:                  39962
 Spin case 10   Alpha:  3   Beta:  0
 Number of excitations:                  12198
 Spin case 11   Alpha:  0   Beta:  3
 Number of excitations:                   1317
 Spin case 12   Alpha:  1   Beta:  2
 Number of excitations:                  39132
 Spin case 13   Alpha:  1   Beta:  2
 Number of excitations:                  20067
 Spin case 14   Alpha:  2   Beta:  1
 Number of excitations:                  34378
 Spin case 15   Alpha:  2   Beta:  1
 Number of excitations:                  77368
 Spin case 16   Alpha:  3   Beta:  0
 Number of excitations:                  11274
 Spin case 17   Alpha:  0   Beta:  3
 Number of excitations:                    403
 Spin case 18   Alpha:  1   Beta:  2
 Number of excitations:                  18639
 Spin case 19   Alpha:  2   Beta:  1
 Number of excitations:                  34405
 Spin case 20   Alpha:  3   Beta:  0
 Number of excitations:                   3280
 Number of                     3 -fold excitations:                 496442
 
 Memory requirements /Mbyte/: 
               Minimal        Optimal
 Real*8:         52.2023        92.5584
 Integer:        17.6454
 Total:          69.8477       110.2038
 

 ************************ 2025-08-07 08:54:07 *************************
 Executing mrcc...

 **********************************************************************
 CCSD(T) calculation                                                    
 
 
 OpenMP parallel version is running.
 Number of CPU cores:   4
 Allocation of           92.6 Mbytes of memory...
 Number of spinorbitals: 118
 Number of alpha electrons:  5
 Number of beta  electrons:  3
 Number of active particles:                    56
 Number of active holes:                         0
 Spin multiplicity: 3
 z-component of spin:  1.0
 Spatial symmetry: 2
 Convergence criterion:  1.0E-06
 Construction of occupation graphs...
 Number of 0-fold excitations: 1
 Number of 1-fold excitations: 88
 Number of 2-fold excitations: 8873
 Total number of determinants: 8962
 Calculation of coupling coefficients...
 Initial cluster amplitudes are generated.
 Length of intermediate file (Mbytes):      19.6
 Reading integral list from unit 55...
 Sorting integrals...
 Sorting integrals...
 Sorting integrals...
 Sorting integrals...
 Energy of reference determinant [au]:     -74.648373285179
 Calculation of MP denominators...
 
 Starting CC iteration...
 ======================================================================
 Norm of residual vector:     2.74497347
 CPU time [min]:     0.135                   Wall time [min]:     0.057
 
 Iteration  1  CC energy:   -74.95701794  Energy decrease:   0.30864466
 ======================================================================
 Norm of residual vector:     0.38222395
 CPU time [min]:     0.180                   Wall time [min]:     0.069
 
 Iteration  2  CC energy:   -75.01290440  Energy decrease:   0.05588645
 ======================================================================
 Norm of residual vector:     0.11833324
 CPU time [min]:     0.224                   Wall time [min]:     0.080
 
 Iteration  3  CC energy:   -75.03375299  Energy decrease:   0.02084859
 ======================================================================
 Norm of residual vector:     0.03047272
 CPU time [min]:     0.269                   Wall time [min]:     0.091
 
 Iteration  4  CC energy:   -75.02820345  Energy decrease:   0.00554954
 ======================================================================
 Norm of residual vector:     0.01213240
 CPU time [min]:     0.314                   Wall time [min]:     0.102
 
 Iteration  5  CC energy:   -75.03210964  Energy decrease:   0.00390619
 ======================================================================
 Norm of residual vector:     0.00526135
 CPU time [min]:     0.359                   Wall time [min]:     0.114
 
 Iteration  6  CC energy:   -75.03177906  Energy decrease:   0.00033059
 ======================================================================
 Norm of residual vector:     0.00199389
 CPU time [min]:     0.404                   Wall time [min]:     0.125
 
 Iteration  7  CC energy:   -75.03156665  Energy decrease:   0.00021241
 ======================================================================
 Norm of residual vector:     0.00065896
 CPU time [min]:     0.450                   Wall time [min]:     0.136
 
 Iteration  8  CC energy:   -75.03165785  Energy decrease:   0.00009120
 ======================================================================
 Norm of residual vector:     0.00023627
 CPU time [min]:     0.495                   Wall time [min]:     0.148
 
 Iteration  9  CC energy:   -75.03165001  Energy decrease:   0.00000784
 ======================================================================
 Norm of residual vector:     0.00005930
 CPU time [min]:     0.550                   Wall time [min]:     0.204
 
 Iteration 10  CC energy:   -75.03164631  Energy decrease:   0.00000370
 ======================================================================
 Norm of residual vector:     0.00001832
 CPU time [min]:     0.595                   Wall time [min]:     0.216
 
 Iteration 11  CC energy:   -75.03164913  Energy decrease:   0.00000282
 ======================================================================
 Norm of residual vector:     0.00000518
 CPU time [min]:     0.640                   Wall time [min]:     0.227
 
 Iteration 12  CC energy:   -75.03164875  Energy decrease:   0.00000038
 ======================================================================
 Norm of residual vector:     0.00000156
 CPU time [min]:     0.685                   Wall time [min]:     0.238
 
 Iteration 13  CC energy:   -75.03164886  Energy decrease:   0.00000011
 ======================================================================
 Norm of residual vector:     0.00000046
 CPU time [min]:     0.731                   Wall time [min]:     0.250
 
 Iteration 14  CC energy:   -75.03164881  Energy decrease:   0.00000005
 ======================================================================
 
 Iteration has converged in 14 steps.
 
 Final results:
 Total CCSD energy [au]:                      -75.031648810005
 
 Perturbative corrections are calculated...
 ======================================================================
 Spin case  1   Alpha:  0   Beta:  3
 Number of excitations:        401
 CPU time [min]:     0.734                   Wall time [min]:     0.251
 ======================================================================
 Spin case  2   Alpha:  1   Beta:  2
 Number of excitations:        20118
 CPU time [min]:     0.742                   Wall time [min]:     0.253
 ======================================================================
 Spin case  3   Alpha:  2   Beta:  1
 Number of excitations:        39936
 CPU time [min]:     0.751                   Wall time [min]:     0.255
 ======================================================================
 Spin case  4   Alpha:  3   Beta:  0
 Number of excitations:        4124
 CPU time [min]:     0.754                   Wall time [min]:     0.256
 ======================================================================
 Spin case  5   Alpha:  0   Beta:  3
 Number of excitations:        1342
 CPU time [min]:     0.757                   Wall time [min]:     0.256
 ======================================================================
 Spin case  6   Alpha:  1   Beta:  2
 Number of excitations:        18694
 CPU time [min]:     0.765                   Wall time [min]:     0.258
 ======================================================================
 Spin case  7   Alpha:  1   Beta:  2
 Number of excitations:        42068
 CPU time [min]:     0.783                   Wall time [min]:     0.263
 ======================================================================
 Spin case  8   Alpha:  2   Beta:  1
 Number of excitations:        77336
 CPU time [min]:     0.809                   Wall time [min]:     0.269
 ======================================================================
 Spin case  9   Alpha:  2   Beta:  1
 Number of excitations:        39962
 CPU time [min]:     0.820                   Wall time [min]:     0.272
 ======================================================================
 Spin case 10   Alpha:  3   Beta:  0
 Number of excitations:        12198
 CPU time [min]:     0.826                   Wall time [min]:     0.274
 ======================================================================
 Spin case 11   Alpha:  0   Beta:  3
 Number of excitations:        1317
 CPU time [min]:     0.829                   Wall time [min]:     0.274
 ======================================================================
 Spin case 12   Alpha:  1   Beta:  2
 Number of excitations:        39132
 CPU time [min]:     0.847                   Wall time [min]:     0.279
 ======================================================================
 Spin case 13   Alpha:  1   Beta:  2
 Number of excitations:        20067
 CPU time [min]:     0.855                   Wall time [min]:     0.281
 ======================================================================
 Spin case 14   Alpha:  2   Beta:  1
 Number of excitations:        34378
 CPU time [min]:     0.865                   Wall time [min]:     0.283
 ======================================================================
 Spin case 15   Alpha:  2   Beta:  1
 Number of excitations:        77368
 CPU time [min]:     0.885                   Wall time [min]:     0.288
 ======================================================================
 Spin case 16   Alpha:  3   Beta:  0
 Number of excitations:        11274
 CPU time [min]:     0.892                   Wall time [min]:     0.290
 ======================================================================
 Spin case 17   Alpha:  0   Beta:  3
 Number of excitations:        403
 CPU time [min]:     0.893                   Wall time [min]:     0.290
 ======================================================================
 Spin case 18   Alpha:  1   Beta:  2
 Number of excitations:        18639
 CPU time [min]:     0.900                   Wall time [min]:     0.292
 ======================================================================
 Spin case 19   Alpha:  2   Beta:  1
 Number of excitations:        34405
 CPU time [min]:     0.909                   Wall time [min]:     0.294
 ======================================================================
 Spin case 20   Alpha:  3   Beta:  0
 Number of excitations:        3280
 CPU time [min]:     0.911                   Wall time [min]:     0.295
 ======================================================================
 Number of 3-fold excitations: 496442
 
 
 CPU time [min]:     0.912                   Wall time [min]:     0.295
 
 Total CCSD[T] energy [au]:                   -75.036084098738
 Total CCSD(T) energy [au]:                   -75.033790777401
 
 Dominant cluster amplitudes
 Printing threshold:  1.00E-02
 
    1.000000  Reference determinant                                     
    0.010451  5a -> 41a                                                 
   -0.029425  2b -> 10b                                                 
    0.012094  2b -> 14b                                                 
   -0.010766  2b -> 18b                                                 
   -0.029509  2b -> 26b                                                 
    0.011533  2b -> 30b                                                 
   -0.670090  3b -> 7b                                                  
   -0.206399  3b -> 15b                                                 
    0.034405  3b -> 31b                                                 
    0.014369  2a -> 14a                                                 
   -0.011545  2a -> 26a                                                 
    0.024687  2a -> 30a                                                 
    0.018668  3a -> 7a                                                  
    0.014105  3a -> 23a                                                 
   -0.011669  4a -> 16a                                                 
    0.010043  4a -> 24a                                                 
   -0.024534  5a -> 9a                                                  
   -0.034567  5a -> 17a                                                 
    0.015039  5a -> 25a                                                 
    0.011051  2b 3b -> 11b 4b                                           
    0.011132  2b 3b -> 27b 4b                                           
   -0.010424  2a 3b -> 34a 15b                                          
    0.010928  2a 3b -> 34a 31b                                          
   -0.010059  4a 2b -> 44a 5b                                           
   -0.011649  5a 2b -> 46a 5b                                           
    0.011077  4a 3b -> 7a 4b                                            
   -0.011274  2a 3b -> 27a 4b                                           
   -0.013539  3a 2b -> 11a 4b                                           
   -0.018718  3a 2b -> 27a 4b                                           
    0.013735  4a 2b -> 10a 4b                                           
    0.018791  4a 2b -> 26a 4b                                           
    0.011453  4a 2b -> 30a 4b                                           
   -0.013837  5a 2b -> 12a 4b                                           
   -0.019415  5a 2b -> 28a 4b                                           
   -0.015201  2b 3b -> 5b 13b                                           
    0.014332  2b 3b -> 15b 18b                                          
    0.010414  2b 3b -> 8b 27b                                           
   -0.015766  2b 3b -> 5b 29b                                           
   -0.015096  2a 2b -> 18a 18b                                          
   -0.010122  3a 3b -> 10a 14b                                          
   -0.013576  3a 3b -> 18a 18b                                          
   -0.010870  3a 3b -> 10a 30b                                          
   -0.018029  3a 3b -> 26a 30b                                          
   -0.010148  3a 3b -> 13a 13b                                          
   -0.010251  3a 3b -> 29a 13b                                          
   -0.010663  3a 3b -> 13a 29b                                          
   -0.018053  3a 3b -> 29a 29b                                          
   -0.010133  3a 3b -> 11a 11b                                          
   -0.010001  3a 3b -> 27a 11b                                          
   -0.010925  3a 3b -> 11a 27b                                          
   -0.018081  3a 3b -> 27a 27b                                          
   -0.018130  3a 3b -> 7a 7b                                            
   -0.027570  3a 3b -> 15a 7b                                           
   -0.027619  3a 3b -> 7a 15b                                           
   -0.050825  3a 3b -> 15a 15b                                          
    0.018267  3a 3b -> 31a 15b                                          
    0.018970  3a 3b -> 15a 31b                                          
   -0.018145  3a 3b -> 31a 31b                                          
   -0.010712  2a 2b -> 16a 16b                                          
    0.014702  2a 2b -> 17a 5b                                           
   -0.012597  5a 3b -> 30a 29b                                          
   -0.012549  5a 3b -> 28a 27b                                          
   -0.012503  5a 3b -> 29a 30b                                          
    0.016922  5a 3b -> 7a 5b                                            
    0.016017  5a 3b -> 15a 5b                                           
   -0.012249  5a 3b -> 9a 7b                                            
   -0.020915  5a 3b -> 17a 7b                                           
   -0.018067  5a 3b -> 9a 15b                                           
   -0.036597  5a 3b -> 17a 15b                                          
    0.014887  5a 3b -> 33a 15b                                          
    0.014171  5a 3b -> 17a 31b                                          
   -0.013174  5a 3b -> 33a 31b                                          
   -0.012470  4a 3b -> 28a 29b                                          
   -0.010959  4a 3b -> 7a 8b                                            
   -0.010685  4a 3b -> 15a 8b                                           
   -0.010742  4a 3b -> 15a 16b                                          
   -0.012385  4a 3b -> 8a 7b                                            
   -0.020572  4a 3b -> 16a 7b                                           
   -0.018442  4a 3b -> 8a 15b                                           
   -0.036212  4a 3b -> 16a 15b                                          
    0.014714  4a 3b -> 32a 15b                                          
    0.014160  4a 3b -> 16a 31b                                          
   -0.013139  4a 3b -> 32a 31b                                          
   -0.010048  2a 3b -> 6a 7b                                            
   -0.013804  2a 3b -> 18a 7b                                           
   -0.017390  2a 3b -> 6a 15b                                           
   -0.027929  2a 3b -> 18a 15b                                          
    0.012597  2a 3b -> 18a 31b                                          
   -0.010884  3a 2b -> 18a 15b                                          
   -0.016003  2a 3b -> 29a 5b                                           
   -0.018232  3a 2b -> 13a 5b                                           
   -0.026899  3a 2b -> 29a 5b                                           
    0.010442  2a 3b -> 27a 8b                                           
    0.011787  3a 2b -> 11a 8b                                           
    0.017547  3a 2b -> 27a 8b                                           
    0.010328  3a 2b -> 27a 16b                                          
   -0.011961  2a 3b -> 15a 18b                                          
   -0.011679  3a 2b -> 15a 6b                                           
   -0.019282  3a 2b -> 15a 18b                                          
   -0.012028  4a 2b -> 10a 8b                                           
   -0.017603  4a 2b -> 26a 8b                                           
   -0.010713  4a 2b -> 30a 8b                                           
   -0.011706  4a 2b -> 18a 16b                                          
   -0.010394  4a 2b -> 26a 16b                                          
   -0.018790  4a 2b -> 12a 5b                                           
   -0.027700  4a 2b -> 28a 5b                                           
   -0.011467  4a 2b -> 16a 6b                                           
   -0.018983  4a 2b -> 16a 18b                                          
    0.010047  4a 2b -> 32a 18b                                          
    0.012497  5a 2b -> 6a 5b                                            
   -0.021740  5a 2b -> 14a 5b                                           
    0.012279  5a 2b -> 18a 5b                                           
   -0.031763  5a 2b -> 30a 5b                                           
    0.012088  5a 2b -> 12a 8b                                           
    0.018171  5a 2b -> 28a 8b                                           
    0.010690  5a 2b -> 28a 16b                                          
   -0.011629  5a 2b -> 17a 6b                                           
   -0.019193  5a 2b -> 17a 18b                                          
    0.010157  5a 2b -> 33a 18b                                          
   -0.018878  4a 5a -> 16a 17a                                          
   -0.012734  4a 5a -> 28a 30a                                          
   -0.018545  3a 5a -> 15a 17a                                          
   -0.012883  3a 5a -> 29a 30a                                          
   -0.018341  3a 4a -> 15a 16a                                          
   -0.014966  3a 4a -> 26a 27a                                          
    0.010285  2a 3a -> 15a 18a                                          
    0.010404  2a 4a -> 16a 18a                                          
    0.010534  2a 5a -> 17a 18a                                          

 ************************ 2025-08-07 08:54:25 *************************
 Executing goldstone...

 Generation of MRCC equations in terms of H and T...
 Generation of antisymmetrized Goldstone diagrams...
 Number of diagrams in T^1 equations:    15
 Number of diagrams in T^2 equations:    38
 Number of diagrams in T^3 equations:    50
 Number of diagrams in T^4 equations:     5
 Translation of diagrams to factorized equations...
 Number of restricted diagrams in T^1 equations:     78
 Number of restricted diagrams in T^2 equations:    344
 Number of restricted diagrams in T^3 equations:    830
 Number of restricted diagrams in T^4 equations:     86
 Optimizing intermediate calculation...
 Number of floating-point operations per iteration step:   3.8124E+10
 Probable CPU time per iteration step (hours):            0.38
 Required memory (Mbytes):          1209.6
 Number of intermediates:                                 534
 Number of intermediates to be stored:                    212
 Length of intermediate file (Mbytes):            60.0

 ************************ 2025-08-07 08:54:28 *************************
 Executing xmrcc...

 **********************************************************************
 MRCC(                     4 ) calculation 
 
 
 Allocation of       256000.0 Mbytes of memory...
 Number of spinorbitals:                   118
 Number of alpha electrons:                        5
 Number of beta electrons:                         3
 Number of active particles:                    56
 Number of active holes:                         0
 Spin multiplicity:                     2
 z-component of spin:  1.0
 Spatial symmetry:                      2
 Convergence criterion:  1.0E-06
 Construction of occupation graphs...
 Number of                     0 -fold excitations:                      1
 Number of                     1 -fold excitations:                     88
 Number of                     2 -fold excitations:                   8873
 Number of                     3 -fold excitations:                 496442
 Total number of configurations:                 505404
 Calculation of coupling coefficients...
 Length of intermediate file (Mbytes):            47.9
 
 ======================================================================
 
 Spin case  1   Alpha:  1   Beta:  3
 Number of excitations:                  57236
 Spin case  2   Alpha:  2   Beta:  2
 Number of excitations:                 536180
 Spin case  3   Alpha:  3   Beta:  1
 Number of excitations:                 344272
 Spin case  4   Alpha:  4   Beta:  0
 Number of excitations:                  13016
 Spin case  5   Alpha:  1   Beta:  3
 Number of excitations:                  53163
 Spin case  6   Alpha:  1   Beta:  3
 Number of excitations:                 185538
 Spin case  7   Alpha:  2   Beta:  2
 Number of excitations:                1033380
 Spin case  8   Alpha:  2   Beta:  2
 Number of excitations:                1112676
 Spin case  9   Alpha:  3   Beta:  1
 Number of excitations:                1029924
 Spin case 10   Alpha:  3   Beta:  1
 Number of excitations:                 344306
 Spin case 11   Alpha:  4   Beta:  0
 Number of excitations:                  53451
 Spin case 12   Alpha:  1   Beta:  3
 Number of excitations:                 172328
 Spin case 13   Alpha:  1   Beta:  3
 Number of excitations:                 185196
 Spin case 14   Alpha:  2   Beta:  2
 Number of excitations:                 461096
 Spin case 15   Alpha:  2   Beta:  2
 Number of excitations:                2145184
 Spin case 16   Alpha:  2   Beta:  2
 Number of excitations:                 536094
 Spin case 17   Alpha:  3   Beta:  1
 Number of excitations:                 953320
 Spin case 18   Alpha:  3   Beta:  1
 Number of excitations:                1029880
 Spin case 19   Alpha:  4   Beta:  0
 Number of excitations:                  76464
 Spin case 20   Alpha:  1   Beta:  3
 Number of excitations:                 171990
 Spin case 21   Alpha:  1   Beta:  3
 Number of excitations:                  57083
 Spin case 22   Alpha:  2   Beta:  2
 Number of excitations:                 956918
 Spin case 23   Alpha:  2   Beta:  2
 Number of excitations:                1033092
 Spin case 24   Alpha:  3   Beta:  1
 Number of excitations:                 273224
 Spin case 25   Alpha:  3   Beta:  1
 Number of excitations:                 953270
 Spin case 26   Alpha:  4   Beta:  0
 Number of excitations:                  45644
 Spin case 27   Alpha:  1   Beta:  3
 Number of excitations:                  53014
 Spin case 28   Alpha:  2   Beta:  2
 Number of excitations:                 461019
 Spin case 29   Alpha:  3   Beta:  1
 Number of excitations:                 273256
 Spin case 30   Alpha:  4   Beta:  0
 Number of excitations:                   9538
 Number of                     4 -fold excitations:               14610752
 
 Memory requirements /Mbyte/: 
               Minimal        Optimal
 Real*8:        223.9533       223.9533
 Integer:       138.8327
 Total:         362.7860       362.7860
 

 ************************ 2025-08-07 08:54:36 *************************
 Executing mrcc...

 **********************************************************************
 CCSDT(Q) calculation                                                   
 
 
 OpenMP parallel version is running.
 Number of CPU cores:   4
 Allocation of          224.0 Mbytes of memory...
 Number of spinorbitals: 118
 Number of alpha electrons:  5
 Number of beta  electrons:  3
 Number of active particles:                    56
 Number of active holes:                         0
 Spin multiplicity: 3
 z-component of spin:  1.0
 Spatial symmetry: 2
 Convergence criterion:  1.0E-06
 Construction of occupation graphs...
 Number of 0-fold excitations: 1
 Number of 1-fold excitations: 88
 Number of 2-fold excitations: 8873
 Number of 3-fold excitations: 496442
 Total number of determinants: 505404
 Calculation of coupling coefficients...
 Initial cluster amplitudes are read from unit 16.
 Length of intermediate file (Mbytes):      47.9
 Reading integral list from unit 55...
 Sorting integrals...
 Sorting integrals...
 Sorting integrals...
 Sorting integrals...
 Energy of reference determinant [au]:     -74.648373285179
 Calculation of MP denominators...
 
 Starting CC iteration...
 ======================================================================
 Norm of residual vector:     0.28048351
 CPU time [min]:     0.661                   Wall time [min]:     0.241
 
 Iteration  1  CC energy:   -75.03164882  Energy decrease:   0.00000001
 ======================================================================
 Norm of residual vector:     0.03716335
 CPU time [min]:     1.032                   Wall time [min]:     0.334
 
 Iteration  2  CC energy:   -75.03524128  Energy decrease:   0.00359246
 ======================================================================
 Norm of residual vector:     0.01314158
 CPU time [min]:     1.405                   Wall time [min]:     0.427
 
 Iteration  3  CC energy:   -75.03558260  Energy decrease:   0.00034133
 ======================================================================
 Norm of residual vector:     0.00449199
 CPU time [min]:     1.779                   Wall time [min]:     0.522
 
 Iteration  4  CC energy:   -75.03590738  Energy decrease:   0.00032478
 ======================================================================
 Norm of residual vector:     0.00228266
 CPU time [min]:     2.161                   Wall time [min]:     0.617
 
 Iteration  5  CC energy:   -75.03598886  Energy decrease:   0.00008148
 ======================================================================
 Norm of residual vector:     0.00099837
 CPU time [min]:     2.541                   Wall time [min]:     0.713
 
 Iteration  6  CC energy:   -75.03604123  Energy decrease:   0.00005236
 ======================================================================
 Norm of residual vector:     0.00048000
 CPU time [min]:     2.923                   Wall time [min]:     0.809
 
 Iteration  7  CC energy:   -75.03605000  Energy decrease:   0.00000878
 ======================================================================
 Norm of residual vector:     0.00021670
 CPU time [min]:     3.304                   Wall time [min]:     0.904
 
 Iteration  8  CC energy:   -75.03604986  Energy decrease:   0.00000014
 ======================================================================
 Norm of residual vector:     0.00007857
 CPU time [min]:     3.692                   Wall time [min]:     1.002
 
 Iteration  9  CC energy:   -75.03604598  Energy decrease:   0.00000388
 ======================================================================
 Norm of residual vector:     0.00002707
 CPU time [min]:     4.083                   Wall time [min]:     1.100
 
 Iteration 10  CC energy:   -75.03604556  Energy decrease:   0.00000042
 ======================================================================
 Norm of residual vector:     0.00000966
 CPU time [min]:     4.477                   Wall time [min]:     1.199
 
 Iteration 11  CC energy:   -75.03604565  Energy decrease:   0.00000009
 ======================================================================
 Norm of residual vector:     0.00000346
 CPU time [min]:     7.368                   Wall time [min]:     2.078
 
 Iteration 12  CC energy:   -75.03604576  Energy decrease:   0.00000011
 ======================================================================
 Norm of residual vector:     0.00000125
 CPU time [min]:     8.126                   Wall time [min]:     2.400
 
 Iteration 13  CC energy:   -75.03604576  Energy decrease:   2.1558E-09
 ======================================================================
 Norm of residual vector:     0.00000049
 CPU time [min]:     8.521                   Wall time [min]:     2.499
 
 Iteration 14  CC energy:   -75.03604575  Energy decrease:   0.00000001
 ======================================================================
 
 Iteration has converged in 14 steps.
 
 Final results:
 Total CCSDT energy [au]:                     -75.036045752807
 
 Perturbative corrections are calculated...
 ======================================================================
 Spin case  1   Alpha:  1   Beta:  3
 Number of excitations:        57236
 CPU time [min]:     8.844                   Wall time [min]:     2.583
 ======================================================================
 Spin case  2   Alpha:  2   Beta:  2
 Number of excitations:        536180
 CPU time [min]:     9.687                   Wall time [min]:     2.826
 ======================================================================
 Spin case  3   Alpha:  3   Beta:  1
 Number of excitations:        344272
 CPU time [min]:    10.183                   Wall time [min]:     2.965
 ======================================================================
 Spin case  4   Alpha:  4   Beta:  0
 Number of excitations:        13016
 CPU time [min]:    10.237                   Wall time [min]:     2.979
 ======================================================================
 Spin case  5   Alpha:  1   Beta:  3
 Number of excitations:        53163
 CPU time [min]:    10.488                   Wall time [min]:     3.047
 ======================================================================
 Spin case  6   Alpha:  1   Beta:  3
 Number of excitations:        185538
 CPU time [min]:    11.316                   Wall time [min]:     3.275
 ======================================================================
 Spin case  7   Alpha:  2   Beta:  2
 Number of excitations:        1033380
 CPU time [min]:    12.855                   Wall time [min]:     3.725
 ======================================================================
 Spin case  8   Alpha:  2   Beta:  2
 Number of excitations:        1112676
 CPU time [min]:    14.538                   Wall time [min]:     4.179
 ======================================================================
 Spin case  9   Alpha:  3   Beta:  1
 Number of excitations:        1029924
 CPU time [min]:    16.119                   Wall time [min]:     4.699
 ======================================================================
 Spin case 10   Alpha:  3   Beta:  1
 Number of excitations:        344306
 CPU time [min]:    16.607                   Wall time [min]:     4.844
 ======================================================================
 Spin case 11   Alpha:  4   Beta:  0
 Number of excitations:        53451
 CPU time [min]:    16.818                   Wall time [min]:     4.904
 ======================================================================
 Spin case 12   Alpha:  1   Beta:  3
 Number of excitations:        172328
 CPU time [min]:    17.716                   Wall time [min]:     5.172
 ======================================================================
 Spin case 13   Alpha:  1   Beta:  3
 Number of excitations:        185196
 CPU time [min]:    18.541                   Wall time [min]:     5.394
 ======================================================================
 Spin case 14   Alpha:  2   Beta:  2
 Number of excitations:        461096
 CPU time [min]:    19.589                   Wall time [min]:     5.819
 ======================================================================
 Spin case 15   Alpha:  2   Beta:  2
 Number of excitations:        2145184
 CPU time [min]:    23.135                   Wall time [min]:     6.936
 ======================================================================
 Spin case 16   Alpha:  2   Beta:  2
 Number of excitations:        536094
 CPU time [min]:    23.813                   Wall time [min]:     7.122
 ======================================================================
 Spin case 17   Alpha:  3   Beta:  1
 Number of excitations:        953320
 CPU time [min]:    25.319                   Wall time [min]:     7.583
 ======================================================================
 Spin case 18   Alpha:  3   Beta:  1
 Number of excitations:        1029880
 CPU time [min]:    26.845                   Wall time [min]:     8.011
 ======================================================================
 Spin case 19   Alpha:  4   Beta:  0
 Number of excitations:        76464
 CPU time [min]:    27.145                   Wall time [min]:     8.097
 ======================================================================
 Spin case 20   Alpha:  1   Beta:  3
 Number of excitations:        171990
 CPU time [min]:    28.038                   Wall time [min]:     8.362
 ======================================================================
 Spin case 21   Alpha:  1   Beta:  3
 Number of excitations:        57083
 CPU time [min]:    28.284                   Wall time [min]:     8.427
 ======================================================================
 Spin case 22   Alpha:  2   Beta:  2
 Number of excitations:        956918
 CPU time [min]:    29.732                   Wall time [min]:     8.878
 ======================================================================
 Spin case 23   Alpha:  2   Beta:  2
 Number of excitations:        1033092
 CPU time [min]:    31.275                   Wall time [min]:     9.348
 ======================================================================
 Spin case 24   Alpha:  3   Beta:  1
 Number of excitations:        273224
 CPU time [min]:    31.655                   Wall time [min]:     9.455
 ======================================================================
 Spin case 25   Alpha:  3   Beta:  1
 Number of excitations:        953270
 CPU time [min]:    33.091                   Wall time [min]:     9.877
 ======================================================================
 Spin case 26   Alpha:  4   Beta:  0
 Number of excitations:        45644
 CPU time [min]:    33.264                   Wall time [min]:     9.927
 ======================================================================
 Spin case 27   Alpha:  1   Beta:  3
 Number of excitations:        53014
 CPU time [min]:    33.545                   Wall time [min]:    10.012
 ======================================================================
 Spin case 28   Alpha:  2   Beta:  2
 Number of excitations:        461019
 CPU time [min]:    34.224                   Wall time [min]:    10.208
 ======================================================================
 Spin case 29   Alpha:  3   Beta:  1
 Number of excitations:        273256
 CPU time [min]:    34.612                   Wall time [min]:    10.314
 ======================================================================
 Spin case 30   Alpha:  4   Beta:  0
 Number of excitations:        9538
 CPU time [min]:    34.650                   Wall time [min]:    10.324
 ======================================================================
 Number of 4-fold excitations: 14610752
 
 T_2^+ contribution [au]:                      -0.000062862463
 T_3^+ contribution [au]:                      -0.000079422801
 T_1^+ * T_2^+ contribution [au]:              -0.000015541139
 T_1^+ * <ab||ij> contribution [au]:           -0.000006090361
 T_2^+ * f_ai contribution [au]:               -0.000008338333
 
 CPU time [min]:    34.692                   Wall time [min]:    10.337
 
 Total CCSDT[Q] energy [au]:                  -75.036108615270
 Total CCSDT(Q)/A energy [au]:                -75.036203579209
 Total CCSDT(Q)/B energy [au]:                -75.036202466764
 
 Dominant cluster amplitudes
 Printing threshold:  1.00E-02
 
    1.000000  Reference determinant                                     
    0.010425  5a -> 41a                                                 
   -0.029450  2b -> 10b                                                 
    0.012098  2b -> 14b                                                 
   -0.010720  2b -> 18b                                                 
   -0.029568  2b -> 26b                                                 
    0.011601  2b -> 30b                                                 
   -0.669767  3b -> 7b                                                  
   -0.206114  3b -> 15b                                                 
    0.034173  3b -> 31b                                                 
    0.014399  2a -> 14a                                                 
   -0.011600  2a -> 26a                                                 
    0.024729  2a -> 30a                                                 
    0.020924  3a -> 7a                                                  
    0.014074  3a -> 23a                                                 
   -0.011059  4a -> 16a                                                 
    0.010026  4a -> 24a                                                 
   -0.023581  5a -> 9a                                                  
   -0.034013  5a -> 17a                                                 
    0.014991  5a -> 25a                                                 
    0.012068  2b 3b -> 11b 4b                                           
    0.011595  2b 3b -> 27b 4b                                           
   -0.010504  2a 3b -> 34a 15b                                          
    0.011111  2a 3b -> 34a 31b                                          
   -0.010123  4a 2b -> 44a 5b                                           
   -0.011735  5a 2b -> 46a 5b                                           
    0.014061  4a 3b -> 7a 4b                                            
    0.010857  4a 3b -> 15a 4b                                           
   -0.011591  2a 3b -> 27a 4b                                           
   -0.014872  3a 2b -> 11a 4b                                           
   -0.019348  3a 2b -> 27a 4b                                           
    0.014884  4a 2b -> 10a 4b                                           
    0.019348  4a 2b -> 26a 4b                                           
    0.011805  4a 2b -> 30a 4b                                           
   -0.014936  5a 2b -> 12a 4b                                           
   -0.019997  5a 2b -> 28a 4b                                           
    0.010337  2b 3b -> 8b 11b                                           
   -0.016411  2b 3b -> 5b 13b                                           
   -0.010136  2b 3b -> 6b 15b                                           
    0.014977  2b 3b -> 15b 18b                                          
    0.010836  2b 3b -> 8b 27b                                           
   -0.016368  2b 3b -> 5b 29b                                           
   -0.015390  2a 2b -> 18a 18b                                          
   -0.010766  3a 3b -> 10a 14b                                          
   -0.010225  3a 3b -> 26a 14b                                          
   -0.013828  3a 3b -> 18a 18b                                          
   -0.011177  3a 3b -> 10a 30b                                          
   -0.018279  3a 3b -> 26a 30b                                          
   -0.010791  3a 3b -> 13a 13b                                          
   -0.010495  3a 3b -> 29a 13b                                          
   -0.010911  3a 3b -> 13a 29b                                          
   -0.018258  3a 3b -> 29a 29b                                          
   -0.010767  3a 3b -> 11a 11b                                          
   -0.010225  3a 3b -> 27a 11b                                          
   -0.011178  3a 3b -> 11a 27b                                          
   -0.018279  3a 3b -> 27a 27b                                          
   -0.020188  3a 3b -> 7a 7b                                            
   -0.029121  3a 3b -> 15a 7b                                           
   -0.029423  3a 3b -> 7a 15b                                           
   -0.052445  3a 3b -> 15a 15b                                          
    0.018492  3a 3b -> 31a 15b                                          
    0.019198  3a 3b -> 15a 31b                                          
   -0.018478  3a 3b -> 31a 31b                                          
   -0.010162  2a 2b -> 16a 8b                                           
   -0.011037  2a 2b -> 16a 16b                                          
    0.015320  2a 2b -> 17a 5b                                           
    0.010154  3a 3b -> 9a 5b                                            
    0.010076  3a 3b -> 17a 5b                                           
   -0.012796  5a 3b -> 30a 29b                                          
   -0.012749  5a 3b -> 28a 27b                                          
   -0.012750  5a 3b -> 29a 30b                                          
    0.020709  5a 3b -> 7a 5b                                            
    0.017512  5a 3b -> 15a 5b                                           
   -0.013699  5a 3b -> 9a 7b                                            
   -0.022270  5a 3b -> 17a 7b                                           
   -0.019253  5a 3b -> 9a 15b                                           
   -0.038017  5a 3b -> 17a 15b                                          
    0.015162  5a 3b -> 33a 15b                                          
    0.014411  5a 3b -> 17a 31b                                          
   -0.013521  5a 3b -> 33a 31b                                          
   -0.012672  4a 3b -> 28a 29b                                          
   -0.013551  4a 3b -> 7a 8b                                            
   -0.011754  4a 3b -> 15a 8b                                           
   -0.011318  4a 3b -> 15a 16b                                          
   -0.013934  4a 3b -> 8a 7b                                            
   -0.021961  4a 3b -> 16a 7b                                           
   -0.019726  4a 3b -> 8a 15b                                           
   -0.037655  4a 3b -> 16a 15b                                          
    0.014965  4a 3b -> 32a 15b                                          
    0.014389  4a 3b -> 16a 31b                                          
   -0.013471  4a 3b -> 32a 31b                                          
   -0.010703  2a 3b -> 6a 7b                                            
   -0.014185  2a 3b -> 18a 7b                                           
   -0.017970  2a 3b -> 6a 15b                                           
   -0.028395  2a 3b -> 18a 15b                                          
    0.012729  2a 3b -> 18a 31b                                          
   -0.011040  3a 2b -> 18a 15b                                          
   -0.016441  2a 3b -> 29a 5b                                           
   -0.019854  3a 2b -> 13a 5b                                           
   -0.027707  3a 2b -> 29a 5b                                           
    0.010732  2a 3b -> 27a 8b                                           
    0.012805  3a 2b -> 11a 8b                                           
    0.018079  3a 2b -> 27a 8b                                           
    0.010531  3a 2b -> 27a 16b                                          
   -0.012027  2a 3b -> 15a 18b                                          
   -0.012542  3a 2b -> 15a 6b                                           
   -0.020055  3a 2b -> 15a 18b                                          
   -0.012901  4a 2b -> 10a 8b                                           
   -0.018073  4a 2b -> 26a 8b                                           
   -0.011005  4a 2b -> 30a 8b                                           
   -0.012059  4a 2b -> 18a 16b                                          
   -0.010560  4a 2b -> 26a 16b                                          
   -0.020154  4a 2b -> 12a 5b                                           
   -0.028439  4a 2b -> 28a 5b                                           
   -0.012267  4a 2b -> 16a 6b                                           
   -0.019690  4a 2b -> 16a 18b                                          
    0.010103  4a 2b -> 32a 18b                                          
    0.013624  5a 2b -> 6a 5b                                            
   -0.023272  5a 2b -> 14a 5b                                           
    0.012663  5a 2b -> 18a 5b                                           
   -0.032606  5a 2b -> 30a 5b                                           
    0.012914  5a 2b -> 12a 8b                                           
    0.018661  5a 2b -> 28a 8b                                           
    0.010868  5a 2b -> 28a 16b                                          
   -0.012413  5a 2b -> 17a 6b                                           
   -0.019887  5a 2b -> 17a 18b                                          
    0.010219  5a 2b -> 33a 18b                                          
   -0.020012  4a 5a -> 16a 17a                                          
   -0.013028  4a 5a -> 28a 30a                                          
   -0.010977  3a 5a -> 7a 17a                                           
   -0.019899  3a 5a -> 15a 17a                                          
   -0.013202  3a 5a -> 29a 30a                                          
   -0.010827  3a 4a -> 7a 16a                                           
   -0.019708  3a 4a -> 15a 16a                                          
   -0.015302  3a 4a -> 26a 27a                                          
    0.010670  2a 3a -> 15a 18a                                          
    0.010784  2a 4a -> 16a 18a                                          
    0.010900  2a 5a -> 17a 18a                                          

 ************************ 2025-08-07 09:04:58 *************************
 Executing goldstone...

 Generation of MRCC equations in terms of H and T...
 Generation of antisymmetrized Goldstone diagrams...
 Number of diagrams in T^1 equations:    15
 Number of diagrams in T^2 equations:    38
 Number of diagrams in T^3 equations:    54
 Number of diagrams in T^4 equations:    77
 Number of diagrams in T^5 equations:     8
 Translation of diagrams to factorized equations...
 Number of restricted diagrams in T^1 equations:     78
 Number of restricted diagrams in T^2 equations:    344
 Number of restricted diagrams in T^3 equations:    892
 Number of restricted diagrams in T^4 equations:   1956
 Number of restricted diagrams in T^5 equations:    270
 Optimizing intermediate calculation...
 Number of floating-point operations per iteration step:   2.1419E+12
 Probable CPU time per iteration step (hours):           21.42
 Required memory (Mbytes):          2118.5
 Number of intermediates:                                 979
 Number of intermediates to be stored:                    397
 Length of intermediate file (Mbytes):          2678.6

 ************************ 2025-08-07 09:05:36 *************************
 Executing xmrcc...

 **********************************************************************
 MRCC(                     5 ) calculation 
 
 
 Allocation of       256000.0 Mbytes of memory...
 Number of spinorbitals:                   118
 Number of alpha electrons:                        5
 Number of beta electrons:                         3
 Number of active particles:                    56
 Number of active holes:                         0
 Spin multiplicity:                     2
 z-component of spin:  1.0
 Spatial symmetry:                      2
 Convergence criterion:  1.0E-06
 Construction of occupation graphs...
 Number of                     0 -fold excitations:                      1
 Number of                     1 -fold excitations:                     88
 Number of                     2 -fold excitations:                   8873
 Number of                     3 -fold excitations:                 496442
 Number of                     4 -fold excitations:               14610752
 Total number of configurations:               15116156
 Calculation of coupling coefficients...
 Length of intermediate file (Mbytes):          1700.1
 
 ======================================================================
 
 Spin case  1   Alpha:  2   Beta:  3
 Number of excitations:                1547736
 Spin case  2   Alpha:  3   Beta:  2
 Number of excitations:                4644336
 Spin case  3   Alpha:  4   Beta:  1
 Number of excitations:                1078405
 Spin case  4   Alpha:  5   Beta:  0
 Number of excitations:                  12366
 Spin case  5   Alpha:  2   Beta:  3
 Number of excitations:                2980776
 Spin case  6   Alpha:  2   Beta:  3
 Number of excitations:                5001604
 Spin case  7   Alpha:  3   Beta:  2
 Number of excitations:               13927852
 Spin case  8   Alpha:  3   Beta:  2
 Number of excitations:                9633176
 Spin case  9   Alpha:  4   Beta:  1
 Number of excitations:                4475772
 Spin case 10   Alpha:  4   Beta:  1
 Number of excitations:                1078573
 Spin case 11   Alpha:  5   Beta:  0
 Number of excitations:                  67107
 Spin case 12   Alpha:  2   Beta:  3
 Number of excitations:                1330618
 Spin case 13   Alpha:  2   Beta:  3
 Number of excitations:                9633168
 Spin case 14   Alpha:  2   Beta:  3
 Number of excitations:                5000868
 Spin case 15   Alpha:  3   Beta:  2
 Number of excitations:               12895908
 Spin case 16   Alpha:  3   Beta:  2
 Number of excitations:               28883376
 Spin case 17   Alpha:  3   Beta:  2
 Number of excitations:                4644294
 Spin case 18   Alpha:  4   Beta:  1
 Number of excitations:                6442404
 Spin case 19   Alpha:  4   Beta:  1
 Number of excitations:                4475916
 Spin case 20   Alpha:  5   Beta:  0
 Number of excitations:                 133330
 Spin case 21   Alpha:  2   Beta:  3
 Number of excitations:                4300378
 Spin case 22   Alpha:  2   Beta:  3
 Number of excitations:                9631440
 Spin case 23   Alpha:  2   Beta:  3
 Number of excitations:                1547702
 Spin case 24   Alpha:  3   Beta:  2
 Number of excitations:                3685776
 Spin case 25   Alpha:  3   Beta:  2
 Number of excitations:               26742344
 Spin case 26   Alpha:  3   Beta:  2
 Number of excitations:               13928472
 Spin case 27   Alpha:  4   Beta:  1
 Number of excitations:                3824688
 Spin case 28   Alpha:  4   Beta:  1
 Number of excitations:                6442244
 Spin case 29   Alpha:  5   Beta:  0
 Number of excitations:                 123084
 Spin case 30   Alpha:  2   Beta:  3
 Number of excitations:                4299594
 Spin case 31   Alpha:  2   Beta:  3
 Number of excitations:                2979912
 Spin case 32   Alpha:  3   Beta:  2
 Number of excitations:                7645216
 Spin case 33   Alpha:  3   Beta:  2
 Number of excitations:               12896670
 Spin case 34   Alpha:  4   Beta:  1
 Number of excitations:                 787902
 Spin case 35   Alpha:  4   Beta:  1
 Number of excitations:                3824784
 Spin case 36   Alpha:  5   Beta:  0
 Number of excitations:                  52802
 Spin case 37   Alpha:  2   Beta:  3
 Number of excitations:                1330563
 Spin case 38   Alpha:  3   Beta:  2
 Number of excitations:                3685680
 Spin case 39   Alpha:  4   Beta:  1
 Number of excitations:                 788058
 Spin case 40   Alpha:  5   Beta:  0
 Number of excitations:                   8332
 Number of                     5 -fold excitations:              226413226
 
 Memory requirements /Mbyte/: 
               Minimal        Optimal
 Real*8:        836.3714       836.3714
 Integer:      2126.1466
 Total:        2962.5180      2962.5180
 

 ************************ 2025-08-07 09:07:02 *************************
 Executing mrcc...

 **********************************************************************
 CCSDTQ(P) calculation                                                  
 
 
 OpenMP parallel version is running.
 Number of CPU cores:   4
 Allocation of          836.4 Mbytes of memory...
 Number of spinorbitals: 118
 Number of alpha electrons:  5
 Number of beta  electrons:  3
 Number of active particles:                    56
 Number of active holes:                         0
 Spin multiplicity: 3
 z-component of spin:  1.0
 Spatial symmetry: 2
 Convergence criterion:  1.0E-06
 Construction of occupation graphs...
 Number of 0-fold excitations: 1
 Number of 1-fold excitations: 88
 Number of 2-fold excitations: 8873
 Number of 3-fold excitations: 496442
 Number of 4-fold excitations: 14610752
 Total number of determinants: 15116156
 Calculation of coupling coefficients...
 Initial cluster amplitudes are read from unit 16.
 Length of intermediate file (Mbytes):    1700.1
 Reading integral list from unit 55...
 Sorting integrals...
 Sorting integrals...
 Sorting integrals...
 Sorting integrals...
 Energy of reference determinant [au]:     -74.648373285179
 Calculation of MP denominators...
 
 Starting CC iteration...
 ======================================================================
 Norm of residual vector:     0.04750739
 CPU time [min]:    20.431                   Wall time [min]:     5.473
 
 Iteration  1  CC energy:   -75.03604575  Energy decrease:   4.1633E-09
 ======================================================================
 Norm of residual vector:     0.00708146
 CPU time [min]:    36.719                   Wall time [min]:     9.700
 
 Iteration  2  CC energy:   -75.03602565  Energy decrease:   0.00002010
 ======================================================================
 Norm of residual vector:     0.00229585
 CPU time [min]:    53.568                   Wall time [min]:    14.065
 
 Iteration  3  CC energy:   -75.03615545  Energy decrease:   0.00012979
 ======================================================================
 Norm of residual vector:     0.00084891
 CPU time [min]:    70.677                   Wall time [min]:    18.475
 
 Iteration  4  CC energy:   -75.03617537  Energy decrease:   0.00001993
 ======================================================================
 Norm of residual vector:     0.00031608
 CPU time [min]:    88.394                   Wall time [min]:    23.224
 
 Iteration  5  CC energy:   -75.03619100  Energy decrease:   0.00001563
 ======================================================================
 Norm of residual vector:     0.00012454
 CPU time [min]:   105.816                   Wall time [min]:    27.783
 
 Iteration  6  CC energy:   -75.03619277  Energy decrease:   0.00000177
 ======================================================================
 Norm of residual vector:     0.00004849
 CPU time [min]:   123.323                   Wall time [min]:    32.405
 
 Iteration  7  CC energy:   -75.03619504  Energy decrease:   0.00000227
 ======================================================================
 Norm of residual vector:     0.00002516
 CPU time [min]:   140.813                   Wall time [min]:    36.976
 
 Iteration  8  CC energy:   -75.03619543  Energy decrease:   0.00000039
 ======================================================================
 Norm of residual vector:     0.00001237
 CPU time [min]:   158.859                   Wall time [min]:    41.736
 
 Iteration  9  CC energy:   -75.03619574  Energy decrease:   0.00000031
 ======================================================================
 Norm of residual vector:     0.00000514
 CPU time [min]:   175.901                   Wall time [min]:    46.114
 
 Iteration 10  CC energy:   -75.03619562  Energy decrease:   0.00000012
 ======================================================================
 Norm of residual vector:     0.00000187
 CPU time [min]:   193.073                   Wall time [min]:    50.486
 
 Iteration 11  CC energy:   -75.03619556  Energy decrease:   0.00000005
 ======================================================================
 Norm of residual vector:     0.00000067
 CPU time [min]:   210.855                   Wall time [min]:    55.156
 
 Iteration 12  CC energy:   -75.03619556  Energy decrease:   1.6699E-09
 ======================================================================
 
 Iteration has converged in 12 steps.
 
 Final results:
 Total CCSDTQ energy [au]:                    -75.036195560574
 
 Perturbative corrections are calculated...
 ======================================================================
 Spin case  1   Alpha:  2   Beta:  3
 Number of excitations:        1547736
 CPU time [min]:   220.555                   Wall time [min]:    58.027
 ======================================================================
 Spin case  2   Alpha:  3   Beta:  2
 Number of excitations:        4644336
 CPU time [min]:   235.756                   Wall time [min]:    62.052
 ======================================================================
 Spin case  3   Alpha:  4   Beta:  1
 Number of excitations:        1078405
 CPU time [min]:   240.599                   Wall time [min]:    63.519
 ======================================================================
 Spin case  4   Alpha:  5   Beta:  0
 Number of excitations:        12366
 CPU time [min]:   240.817                   Wall time [min]:    63.580
 ======================================================================
 Spin case  5   Alpha:  2   Beta:  3
 Number of excitations:        2980776
 CPU time [min]:   257.679                   Wall time [min]:    68.576
 ======================================================================
 Spin case  6   Alpha:  2   Beta:  3
 Number of excitations:        5001604
 CPU time [min]:   287.508                   Wall time [min]:    77.211
 ======================================================================
 Spin case  7   Alpha:  3   Beta:  2
 Number of excitations:        13927852
 CPU time [min]:   333.904                   Wall time [min]:    89.452
 ======================================================================
 Spin case  8   Alpha:  3   Beta:  2
 Number of excitations:        9633176
 CPU time [min]:   365.982                   Wall time [min]:   100.205
 ======================================================================
 Spin case  9   Alpha:  4   Beta:  1
 Number of excitations:        4475772
 CPU time [min]:   388.218                   Wall time [min]:   106.780
 ======================================================================
 Spin case 10   Alpha:  4   Beta:  1
 Number of excitations:        1078573
 CPU time [min]:   393.322                   Wall time [min]:   108.391
 ======================================================================
 Spin case 11   Alpha:  5   Beta:  0
 Number of excitations:        67107
 CPU time [min]:   394.647                   Wall time [min]:   108.810
 ======================================================================
 Spin case 12   Alpha:  2   Beta:  3
 Number of excitations:        1330618
 CPU time [min]:   402.005                   Wall time [min]:   111.092
 ======================================================================
 Spin case 13   Alpha:  2   Beta:  3
 Number of excitations:        9633168
 CPU time [min]:   468.610                   Wall time [min]:   129.165
 ======================================================================
 Spin case 14   Alpha:  2   Beta:  3
 Number of excitations:        5000868
 CPU time [min]:   498.485                   Wall time [min]:   137.554
 ======================================================================
 Spin case 15   Alpha:  3   Beta:  2
 Number of excitations:        12895908
 CPU time [min]:   544.621                   Wall time [min]:   149.703
 ======================================================================
 Spin case 16   Alpha:  3   Beta:  2
 Number of excitations:        28883376
 CPU time [min]:   644.551                   Wall time [min]:   180.056
 ======================================================================
 Spin case 17   Alpha:  3   Beta:  2
 Number of excitations:        4644294
 CPU time [min]:   660.515                   Wall time [min]:   185.106
 ======================================================================
 Spin case 18   Alpha:  4   Beta:  1
 Number of excitations:        6442404
 CPU time [min]:   691.948                   Wall time [min]:   194.952
 ======================================================================
 Spin case 19   Alpha:  4   Beta:  1
 Number of excitations:        4475916
 CPU time [min]:   713.443                   Wall time [min]:   207.132
 ======================================================================
 Spin case 20   Alpha:  5   Beta:  0
 Number of excitations:        133330
 CPU time [min]:   716.261                   Wall time [min]:   208.010
 ======================================================================
 Spin case 21   Alpha:  2   Beta:  3
 Number of excitations:        4300378
 CPU time [min]:   740.044                   Wall time [min]:   214.604
 ======================================================================
 Spin case 22   Alpha:  2   Beta:  3
 Number of excitations:        9631440
 CPU time [min]:   797.935                   Wall time [min]:   230.132
 ======================================================================
 Spin case 23   Alpha:  2   Beta:  3
 Number of excitations:        1547702
 CPU time [min]:   805.538                   Wall time [min]:   232.304
 ======================================================================
 Spin case 24   Alpha:  3   Beta:  2
 Number of excitations:        3685776
 CPU time [min]:   816.313                   Wall time [min]:   235.550
 ======================================================================
 Spin case 25   Alpha:  3   Beta:  2
 Number of excitations:        26742344
 CPU time [min]:   923.327                   Wall time [min]:   268.704
 ======================================================================
 Spin case 26   Alpha:  3   Beta:  2
 Number of excitations:        13928472
 CPU time [min]:   972.368                   Wall time [min]:   282.281
 ======================================================================
 Spin case 27   Alpha:  4   Beta:  1
 Number of excitations:        3824688
 CPU time [min]:   990.781                   Wall time [min]:   288.235
 ======================================================================
 Spin case 28   Alpha:  4   Beta:  1
 Number of excitations:        6442244
 CPU time [min]:  1020.642                   Wall time [min]:   297.445
 ======================================================================
 Spin case 29   Alpha:  5   Beta:  0
 Number of excitations:        123084
 CPU time [min]:  1022.998                   Wall time [min]:   298.224
 ======================================================================
 Spin case 30   Alpha:  2   Beta:  3
 Number of excitations:        4299594
 CPU time [min]:  1048.110                   Wall time [min]:   305.291
 ======================================================================
 Spin case 31   Alpha:  2   Beta:  3
 Number of excitations:        2979912
 CPU time [min]:  1067.108                   Wall time [min]:   311.358
 ======================================================================
 Spin case 32   Alpha:  3   Beta:  2
 Number of excitations:        7645216
 CPU time [min]:  1089.805                   Wall time [min]:   318.584
 ======================================================================
 Spin case 33   Alpha:  3   Beta:  2
 Number of excitations:        12896670
 CPU time [min]:  1138.960                   Wall time [min]:   333.461
 ======================================================================
 Spin case 34   Alpha:  4   Beta:  1
 Number of excitations:        787902
 CPU time [min]:  1142.332                   Wall time [min]:   334.506
 ======================================================================
 Spin case 35   Alpha:  4   Beta:  1
 Number of excitations:        3824784
 CPU time [min]:  1160.014                   Wall time [min]:   340.110
 ======================================================================
 Spin case 36   Alpha:  5   Beta:  0
 Number of excitations:        52802
 CPU time [min]:  1160.918                   Wall time [min]:   340.393
 ======================================================================
 Spin case 37   Alpha:  2   Beta:  3
 Number of excitations:        1330563
 CPU time [min]:  1167.542                   Wall time [min]:   342.315
 ======================================================================
 Spin case 38   Alpha:  3   Beta:  2
 Number of excitations:        3685680
 CPU time [min]:  1178.629                   Wall time [min]:   345.728
 ======================================================================
 Spin case 39   Alpha:  4   Beta:  1
 Number of excitations:        788058
 CPU time [min]:  1181.939                   Wall time [min]:   346.738
 ======================================================================
 Spin case 40   Alpha:  5   Beta:  0
 Number of excitations:        8332
 CPU time [min]:  1182.070                   Wall time [min]:   346.777
 ======================================================================
 Number of 5-fold excitations: 226413226
 
 T_3^+ contribution [au]:                      -0.000001132653
 T_1^+ * T_2^+ contribution [au]:              -0.000000988924
 T_1^+ * <ab||ij> contribution [au]:           -0.000000653060
 T_2^+ * f_ai contribution [au]:               -0.000000288947
 T_2^+ contribution [au]:                      -0.000000909704
 
 CPU time [min]:  1182.435                   Wall time [min]:   346.917
 
 Total CCSDTQ[P] energy [au]:                 -75.036198591855
 Total CCSDTQ(P)/A energy [au]:               -75.036198591855
 Total CCSDTQ(P)/B energy [au]:               -75.036198544938
 
 Dominant cluster amplitudes
 Printing threshold:  1.00E-02
 
    1.000000  Reference determinant                                     
    0.010425  5a -> 41a                                                 
   -0.029451  2b -> 10b                                                 
    0.012099  2b -> 14b                                                 
   -0.010733  2b -> 18b                                                 
   -0.029569  2b -> 26b                                                 
    0.011604  2b -> 30b                                                 
   -0.669898  3b -> 7b                                                  
   -0.206162  3b -> 15b                                                 
    0.034173  3b -> 31b                                                 
    0.014402  2a -> 14a                                                 
   -0.011602  2a -> 26a                                                 
    0.024730  2a -> 30a                                                 
    0.020893  3a -> 7a                                                  
    0.014071  3a -> 23a                                                 
   -0.011081  4a -> 16a                                                 
    0.010025  4a -> 24a                                                 
   -0.023636  5a -> 9a                                                  
   -0.034038  5a -> 17a                                                 
    0.014989  5a -> 25a                                                 
    0.012099  2b 3b -> 11b 4b                                           
    0.011604  2b 3b -> 27b 4b                                           
   -0.010506  2a 3b -> 34a 15b                                          
    0.011108  2a 3b -> 34a 31b                                          
   -0.010122  4a 2b -> 44a 5b                                           
   -0.011734  5a 2b -> 46a 5b                                           
    0.014182  4a 3b -> 7a 4b                                            
    0.010900  4a 3b -> 15a 4b                                           
   -0.011601  2a 3b -> 27a 4b                                           
   -0.014920  3a 2b -> 11a 4b                                           
   -0.019361  3a 2b -> 27a 4b                                           
    0.014921  4a 2b -> 10a 4b                                           
    0.019361  4a 2b -> 26a 4b                                           
    0.011812  4a 2b -> 30a 4b                                           
   -0.014968  5a 2b -> 12a 4b                                           
   -0.020010  5a 2b -> 28a 4b                                           
    0.010359  2b 3b -> 8b 11b                                           
   -0.016447  2b 3b -> 5b 13b                                           
   -0.010149  2b 3b -> 6b 15b                                           
    0.014994  2b 3b -> 15b 18b                                          
    0.010844  2b 3b -> 8b 27b                                           
   -0.016379  2b 3b -> 5b 29b                                           
   -0.015398  2a 2b -> 18a 18b                                          
   -0.010779  3a 3b -> 10a 14b                                          
   -0.010232  3a 3b -> 26a 14b                                          
   -0.013832  3a 3b -> 18a 18b                                          
   -0.011185  3a 3b -> 10a 30b                                          
   -0.018288  3a 3b -> 26a 30b                                          
   -0.010805  3a 3b -> 13a 13b                                          
   -0.010503  3a 3b -> 29a 13b                                          
   -0.010918  3a 3b -> 13a 29b                                          
   -0.018267  3a 3b -> 29a 29b                                          
   -0.010779  3a 3b -> 11a 11b                                          
   -0.010232  3a 3b -> 27a 11b                                          
   -0.011185  3a 3b -> 11a 27b                                          
   -0.018288  3a 3b -> 27a 27b                                          
   -0.020245  3a 3b -> 7a 7b                                            
   -0.029167  3a 3b -> 15a 7b                                           
   -0.029461  3a 3b -> 7a 15b                                           
   -0.052505  3a 3b -> 15a 15b                                          
    0.018499  3a 3b -> 31a 15b                                          
    0.019207  3a 3b -> 15a 31b                                          
   -0.018474  3a 3b -> 31a 31b                                          
   -0.010173  2a 2b -> 16a 8b                                           
   -0.011043  2a 2b -> 16a 16b                                          
    0.015335  2a 2b -> 17a 5b                                           
    0.010179  3a 3b -> 9a 5b                                            
    0.010093  3a 3b -> 17a 5b                                           
   -0.012803  5a 3b -> 30a 29b                                          
   -0.012756  5a 3b -> 28a 27b                                          
   -0.012756  5a 3b -> 29a 30b                                          
    0.020843  5a 3b -> 7a 5b                                            
    0.017562  5a 3b -> 15a 5b                                           
   -0.013737  5a 3b -> 9a 7b                                            
   -0.022304  5a 3b -> 17a 7b                                           
   -0.019274  5a 3b -> 9a 15b                                           
   -0.038062  5a 3b -> 17a 15b                                          
    0.015169  5a 3b -> 33a 15b                                          
    0.014418  5a 3b -> 17a 31b                                          
   -0.013518  5a 3b -> 33a 31b                                          
   -0.012679  4a 3b -> 28a 29b                                          
   -0.013648  4a 3b -> 7a 8b                                            
   -0.011789  4a 3b -> 15a 8b                                           
   -0.011335  4a 3b -> 15a 16b                                          
   -0.013980  4a 3b -> 8a 7b                                            
   -0.021999  4a 3b -> 16a 7b                                           
   -0.019751  4a 3b -> 8a 15b                                           
   -0.037701  4a 3b -> 16a 15b                                          
    0.014972  4a 3b -> 32a 15b                                          
    0.014396  4a 3b -> 16a 31b                                          
   -0.013468  4a 3b -> 32a 31b                                          
   -0.010717  2a 3b -> 6a 7b                                            
   -0.014193  2a 3b -> 18a 7b                                           
   -0.017979  2a 3b -> 6a 15b                                           
   -0.028414  2a 3b -> 18a 15b                                          
    0.012733  2a 3b -> 18a 31b                                          
   -0.011042  3a 2b -> 18a 15b                                          
   -0.016454  2a 3b -> 29a 5b                                           
   -0.019910  3a 2b -> 13a 5b                                           
   -0.027725  3a 2b -> 29a 5b                                           
    0.010740  2a 3b -> 27a 8b                                           
    0.012839  3a 2b -> 11a 8b                                           
    0.018091  3a 2b -> 27a 8b                                           
    0.010536  3a 2b -> 27a 16b                                          
   -0.012036  2a 3b -> 15a 18b                                          
   -0.012570  3a 2b -> 15a 6b                                           
   -0.020077  3a 2b -> 15a 18b                                          
   -0.012928  4a 2b -> 10a 8b                                           
   -0.018084  4a 2b -> 26a 8b                                           
   -0.011011  4a 2b -> 30a 8b                                           
   -0.012067  4a 2b -> 18a 16b                                          
   -0.010566  4a 2b -> 26a 16b                                          
   -0.020194  4a 2b -> 12a 5b                                           
   -0.028455  4a 2b -> 28a 5b                                           
   -0.012290  4a 2b -> 16a 6b                                           
   -0.019708  4a 2b -> 16a 18b                                          
    0.010107  4a 2b -> 32a 18b                                          
    0.013666  5a 2b -> 6a 5b                                            
   -0.023316  5a 2b -> 14a 5b                                           
    0.012677  5a 2b -> 18a 5b                                           
   -0.032626  5a 2b -> 30a 5b                                           
    0.012936  5a 2b -> 12a 8b                                           
    0.018672  5a 2b -> 28a 8b                                           
    0.010873  5a 2b -> 28a 16b                                          
   -0.012434  5a 2b -> 17a 6b                                           
   -0.019905  5a 2b -> 17a 18b                                          
    0.010223  5a 2b -> 33a 18b                                          
   -0.020050  4a 5a -> 16a 17a                                          
   -0.013038  4a 5a -> 28a 30a                                          
   -0.011039  3a 5a -> 7a 17a                                           
   -0.019943  3a 5a -> 15a 17a                                          
   -0.013211  3a 5a -> 29a 30a                                          
   -0.010895  3a 4a -> 7a 16a                                           
   -0.019753  3a 4a -> 15a 16a                                          
   -0.015311  3a 4a -> 26a 27a                                          
    0.010680  2a 3a -> 15a 18a                                          
    0.010792  2a 4a -> 16a 18a                                          
    0.010907  2a 5a -> 17a 18a                                          

 ************************ 2025-08-07 14:53:59 *************************
 Executing goldstone...

 Generation of MRCC equations in terms of H and T...
 Generation of antisymmetrized Goldstone diagrams...
 Number of diagrams in T^1 equations:    15
 Number of diagrams in T^2 equations:    38
 Number of diagrams in T^3 equations:    54
 Number of diagrams in T^4 equations:    81
 Number of diagrams in T^5 equations:   102
 Number of diagrams in T^6 equations:    14
 Translation of diagrams to factorized equations...
 Number of restricted diagrams in T^1 equations:     78
 Number of restricted diagrams in T^2 equations:    344
 Number of restricted diagrams in T^3 equations:    892
 Number of restricted diagrams in T^4 equations:   2035
 Number of restricted diagrams in T^5 equations:   3948
 Number of restricted diagrams in T^6 equations:    730
 Optimizing intermediate calculation...
 Number of floating-point operations per iteration step:   7.3359E+13
 Probable CPU time per iteration step (hours):          733.59
 Required memory (Mbytes):         18360.0
 Number of intermediates:                                1683
 Number of intermediates to be stored:                    699
 Length of intermediate file (Mbytes):        108485.3

 ************************ 2025-08-07 14:54:40 *************************
 Executing xmrcc...

 **********************************************************************
 MRCC(                     6 ) calculation 
 
 
 Allocation of       256000.0 Mbytes of memory...
 Number of spinorbitals:                   118
 Number of alpha electrons:                        5
 Number of beta electrons:                         3
 Number of active particles:                    56
 Number of active holes:                         0
 Spin multiplicity:                     2
 z-component of spin:  1.0
 Spatial symmetry:                      2
 Convergence criterion:  1.0E-06
 Construction of occupation graphs...
 Number of                     0 -fold excitations:                      1
 Number of                     1 -fold excitations:                     88
 Number of                     2 -fold excitations:                   8873
 Number of                     3 -fold excitations:                 496442
 Number of                     4 -fold excitations:               14610752
 Number of                     5 -fold excitations:              226413226
 Total number of configurations:              241529382
 Calculation of coupling coefficients...
 Length of intermediate file (Mbytes):         61579.3
 
 ======================================================================
 
 Spin case  1   Alpha:  3   Beta:  3
 Number of excitations:               13414592
 Spin case  2   Alpha:  4   Beta:  2
 Number of excitations:               14517062
 Spin case  3   Alpha:  5   Beta:  1
 Number of excitations:                1032840
 Spin case  4   Alpha:  3   Beta:  3
 Number of excitations:               40246524
 Spin case  5   Alpha:  3   Beta:  3
 Number of excitations:               43341996
 Spin case  6   Alpha:  4   Beta:  2
 Number of excitations:               60374970
 Spin case  7   Alpha:  4   Beta:  2
 Number of excitations:               30117065
 Spin case  8   Alpha:  5   Beta:  1
 Number of excitations:                5598915
 Spin case  9   Alpha:  5   Beta:  1
 Number of excitations:                1032930
 Spin case 10   Alpha:  3   Beta:  3
 Number of excitations:               37264840
 Spin case 11   Alpha:  3   Beta:  3
 Number of excitations:              130020944
 Spin case 12   Alpha:  3   Beta:  3
 Number of excitations:               43340952
 Spin case 13   Alpha:  4   Beta:  2
 Number of excitations:               87058184
 Spin case 14   Alpha:  4   Beta:  2
 Number of excitations:              125230608
 Spin case 15   Alpha:  4   Beta:  2
 Number of excitations:               14515899
 Spin case 16   Alpha:  5   Beta:  1
 Number of excitations:               11182256
 Spin case 17   Alpha:  5   Beta:  1
 Number of excitations:                5599336
 Spin case 18   Alpha:  3   Beta:  3
 Number of excitations:               10646904
 Spin case 19   Alpha:  3   Beta:  3
 Number of excitations:              120388740
 Spin case 20   Alpha:  3   Beta:  3
 Number of excitations:              130024440
 Spin case 21   Alpha:  3   Beta:  3
 Number of excitations:               13414466
 Spin case 22   Alpha:  4   Beta:  2
 Number of excitations:               51601320
 Spin case 23   Alpha:  4   Beta:  2
 Number of excitations:              180550434
 Spin case 24   Alpha:  4   Beta:  2
 Number of excitations:               60373674
 Spin case 25   Alpha:  5   Beta:  1
 Number of excitations:               10321416
 Spin case 26   Alpha:  5   Beta:  1
 Number of excitations:               11182513
 Spin case 27   Alpha:  3   Beta:  3
 Number of excitations:               34398768
 Spin case 28   Alpha:  3   Beta:  3
 Number of excitations:              120392376
 Spin case 29   Alpha:  3   Beta:  3
 Number of excitations:               40248832
 Spin case 30   Alpha:  4   Beta:  2
 Number of excitations:               10600704
 Spin case 31   Alpha:  4   Beta:  2
 Number of excitations:              107030592
 Spin case 32   Alpha:  4   Beta:  2
 Number of excitations:               87060474
 Spin case 33   Alpha:  5   Beta:  1
 Number of excitations:                4403320
 Spin case 34   Alpha:  5   Beta:  1
 Number of excitations:               10321656
 Spin case 35   Alpha:  3   Beta:  3
 Number of excitations:               34398000
 Spin case 36   Alpha:  3   Beta:  3
 Number of excitations:               37267126
 Spin case 37   Alpha:  4   Beta:  2
 Number of excitations:               21993066
 Spin case 38   Alpha:  4   Beta:  2
 Number of excitations:               51600456
 Spin case 39   Alpha:  5   Beta:  1
 Number of excitations:                 691810
 Spin case 40   Alpha:  5   Beta:  1
 Number of excitations:                4403690
 Spin case 41   Alpha:  3   Beta:  3
 Number of excitations:               10647000
 Spin case 42   Alpha:  4   Beta:  2
 Number of excitations:               10599750
 Spin case 43   Alpha:  5   Beta:  1
 Number of excitations:                 691916
 Number of                     6 -fold excitations:             1839143356
 
 Memory requirements /Mbyte/: 
               Minimal        Optimal
 Real*8:      14691.9413     14691.9413
 Integer:      2182.9144
 Total:       16874.8557     16874.8557
 

 ************************ 2025-08-07 14:57:01 *************************
 Executing mrcc...

 **********************************************************************
 CC(5)(6) calculation                                                   
 
 
 OpenMP parallel version is running.
 Number of CPU cores:   4
 Allocation of        14691.9 Mbytes of memory...
 Number of spinorbitals: 118
 Number of alpha electrons:  5
 Number of beta  electrons:  3
 Number of active particles:                    56
 Number of active holes:                         0
 Spin multiplicity: 3
 z-component of spin:  1.0
 Spatial symmetry: 2
 Convergence criterion:  1.0E-06
 Construction of occupation graphs...
 Number of 0-fold excitations: 1
 Number of 1-fold excitations: 88
 Number of 2-fold excitations: 8873
 Number of 3-fold excitations: 496442
 Number of 4-fold excitations: 14610752
 Number of 5-fold excitations: 226413226
 Total number of determinants: 241529382
 Calculation of coupling coefficients...
 Initial cluster amplitudes are read from unit 16.
 Length of intermediate file (Mbytes):   61579.3
 Reading integral list from unit 55...
 Sorting integrals...
 Sorting integrals...
 Sorting integrals...
 Sorting integrals...
 Energy of reference determinant [au]:     -74.648373285179
 Calculation of MP denominators...
 
 Starting CC iteration...
 ======================================================================
 Norm of residual vector:     0.00779076
 CPU time [min]:   343.185                   Wall time [min]:   107.021
 
 Iteration  1  CC energy:   -75.03619557  Energy decrease:   0.00000001
 ======================================================================
 Norm of residual vector:     0.00129894
 CPU time [min]:   682.427                   Wall time [min]:   210.863
 
 Iteration  2  CC energy:   -75.03619556  Energy decrease:   1.7866E-09
 ======================================================================
